serial,district_code,district_version,district_name_en,district_name_local,census_2001_code,census_2011_code
1.0,188,1,Araria,अररिया,07,209
2.0,611,2,Arwal,अरवल,33,240
3.0,189,2,Aurangabad,औरंगाबाद,34,235
4.0,190,1,Banka,बांका,23,225
5.0,191,1,Begusarai,बेगूसराय,20,222
6.0,192,3,Bhagalpur,भागलपुर,22,224
7.0,193,2,Bhojpur,भोजपुर,29,231
8.0,194,1,Buxar,बक्सर,30,232
9.0,195,4,Darbhanga,दरभंगा,13,215
10.0,196,1,Gaya,गया,35,236
11.0,197,1,Gopalganj,गोपालगंज,15,217
12.0,198,1,Jamui,जमुई,37,238
13.0,199,1,Jehanabad,जहानाबाद,33,239
14.0,200,1,Kaimur (Bhabua),कैमूर ( भभुआ ),31,233
15.0,201,2,Katihar,कटिहार,10,212
16.0,202,1,Khagaria,खगड़िया,21,223
17.0,203,1,Kishanganj,किशनगंज,08,210
18.0,204,1,Lakhisarai,लखीसराय,25,227
19.0,205,1,Madhepura,मधेपुरा,11,213
20.0,206,1,Madhubani,मधुबनी,05,207
21.0,207,1,Munger,मुंगेर,24,226
22.0,208,1,Muzaffarpur,मुजफ्फरपुर,14,216
23.0,209,1,Nalanda,नालंदा,27,229
24.0,210,1,Nawada,नवादा,36,237
25.0,211,1,Pashchim Champaran,पश्चिम चम्पारण,01,203
26.0,212,1,Patna,पटना,28,230
27.0,213,1,Purbi Champaran,पूर्वी चंपारण,02,204
28.0,214,1,Purnia,पूर्णिया,09,211
29.0,215,1,Rohtas,रोहतास,32,234
30.0,216,1,Saharsa,सहरसा,12,214
31.0,217,1,Samastipur,समस्तीपुर,19,221
32.0,218,1,Saran,सारण,17,219
33.0,219,1,Sheikhpura,शेखपुरा,26,228
34.0,220,1,Sheohar,शिवहर,03,205
35.0,221,1,Sitamarhi,सीतामढी,04,206
36.0,222,1,Siwan,सिवान,16,218
37.0,223,1,Supaul,सुपौल,06,208
38.0,224,2,Vaishali,वैशाली,18,220
"Oct 3, 2026, 1:03 AM",,,,,,
