location_id,district_lgd_code,district_name,state_code,state_name,admin_level,prediction_date,forecast_start,forecast_end,horizon_days,expected_rainfall_mm,rain_probability,heavy_rain_probability,dry_spell_probability,model_version,model_resolution
IN-LGD-D-10-212,212,Patna,10,Bihar,district,2025-12-31,2026-01-01,2026-01-07,7,0.4357421882451673,0.07982015686534917,0.0006547257897649498,0.7984111743917477,mausam-imd-district-hgb-1.1,district
IN-LGD-D-10-208,208,Muzaffarpur,10,Bihar,district,2025-12-31,2026-01-01,2026-01-07,7,0.4357421882451673,0.07982015686534917,0.0014874535606244185,0.8115558665733987,mausam-imd-district-hgb-1.1,district
IN-LGD-D-10-213,213,Purbi Champaran,10,Bihar,district,2025-12-31,2026-01-01,2026-01-07,7,0.4357421882451673,0.07982015686534917,0.0012887709156043593,0.8195425965791832,mausam-imd-district-hgb-1.1,district
IN-LGD-D-10-212,212,Patna,10,Bihar,district,2025-12-31,2026-01-01,2026-01-14,14,0.9420879934239388,0.07502106767495052,0.0013755045471991812,,mausam-imd-district-hgb-1.1,district
IN-LGD-D-10-208,208,Muzaffarpur,10,Bihar,district,2025-12-31,2026-01-01,2026-01-14,14,0.9420879934239388,0.08682974609406234,0.0011599192581928602,,mausam-imd-district-hgb-1.1,district
IN-LGD-D-10-213,213,Purbi Champaran,10,Bihar,district,2025-12-31,2026-01-01,2026-01-14,14,0.9420879934239388,0.08549025115782483,0.000878865425042459,,mausam-imd-district-hgb-1.1,district
IN-LGD-D-10-212,212,Patna,10,Bihar,district,2025-12-31,2026-01-01,2026-01-21,21,1.6315868916733258,0.04375921978425798,0.0013334614505210898,,mausam-imd-district-hgb-1.1,district
IN-LGD-D-10-208,208,Muzaffarpur,10,Bihar,district,2025-12-31,2026-01-01,2026-01-21,21,1.6315868916733258,0.03762718235372828,0.0013550080707833787,,mausam-imd-district-hgb-1.1,district
IN-LGD-D-10-213,213,Purbi Champaran,10,Bihar,district,2025-12-31,2026-01-01,2026-01-21,21,1.6315868916733258,0.04138499459997799,0.0013550080707833787,,mausam-imd-district-hgb-1.1,district
IN-LGD-D-10-212,212,Patna,10,Bihar,district,2025-12-31,2026-01-01,2026-01-30,30,1.5814689178349854,0.11330577101411446,0.0019619343396199028,,mausam-imd-district-hgb-1.1,district
IN-LGD-D-10-208,208,Muzaffarpur,10,Bihar,district,2025-12-31,2026-01-01,2026-01-30,30,1.5814689178349854,0.12273879503693998,0.00212178712668995,,mausam-imd-district-hgb-1.1,district
IN-LGD-D-10-213,213,Purbi Champaran,10,Bihar,district,2025-12-31,2026-01-01,2026-01-30,30,1.5814689178349854,0.1087898595572338,0.0019619343396199028,,mausam-imd-district-hgb-1.1,district
