location_id,admin_unit_lgd_code,district_lgd_code,district_name,location_name,state_code,state_name,admin_level,prediction_date,forecast_start,forecast_end,horizon_days,expected_rainfall_mm,rain_probability,heavy_rain_probability,dry_spell_probability,model_version,model_resolution
IN-LGD-D-10-212,212,212,Patna,Patna,10,Bihar,district,2025-12-31,2026-01-01,2026-01-07,7,0.44809880447326605,0.013826879002046757,0.00032519151484668873,0.918608686202989,mausam-imd-bihar-subdistrict-hgb-1.3,district
IN-LGD-D-10-208,208,208,Muzaffarpur,Muzaffarpur,10,Bihar,district,2025-12-31,2026-01-01,2026-01-07,7,0.44809880447326605,0.013181759236022812,0.00032519151484668873,0.9261660392817294,mausam-imd-bihar-subdistrict-hgb-1.3,district
IN-LGD-D-10-213,213,213,East Champaran,East Champaran,10,Bihar,district,2025-12-31,2026-01-01,2026-01-07,7,0.44809880447326605,0.015162657807019935,0.00032519151484668873,0.9345308635487328,mausam-imd-bihar-subdistrict-hgb-1.3,district
IN-LGD-S-10-212-1407,1407,212,Patna,Paliganj,10,Bihar,subdistrict,2025-12-31,2026-01-01,2026-01-07,7,0.44809880447326605,0.015567510752707353,0.00032519151484668873,0.918608686202989,mausam-imd-bihar-subdistrict-hgb-1.3,subdistrict
IN-LGD-S-10-212-1406,1406,212,Patna,Dulhin Bazar,10,Bihar,subdistrict,2025-12-31,2026-01-01,2026-01-07,7,0.44809880447326605,0.015567510752707353,0.00032519151484668873,0.918608686202989,mausam-imd-bihar-subdistrict-hgb-1.3,subdistrict
IN-LGD-S-10-212-1405,1405,212,Patna,Bikram,10,Bihar,subdistrict,2025-12-31,2026-01-01,2026-01-07,7,0.44809880447326605,0.015567510752707353,0.00032519151484668873,0.918608686202989,mausam-imd-bihar-subdistrict-hgb-1.3,subdistrict
IN-LGD-S-10-212-1403,1403,212,Patna,Bihta,10,Bihar,subdistrict,2025-12-31,2026-01-01,2026-01-07,7,0.44809880447326605,0.015567510752707353,0.00032519151484668873,0.918608686202989,mausam-imd-bihar-subdistrict-hgb-1.3,subdistrict
IN-LGD-S-10-212-1398,1398,212,Patna,Maner,10,Bihar,subdistrict,2025-12-31,2026-01-01,2026-01-07,7,0.44809880447326605,0.01484240073735794,0.00032519151484668873,0.920834580093714,mausam-imd-bihar-subdistrict-hgb-1.3,subdistrict
IN-LGD-S-10-212-1399,1399,212,Patna,Dinapur-Cum-Khagaul,10,Bihar,subdistrict,2025-12-31,2026-01-01,2026-01-07,7,0.44809880447326605,0.014691749267174372,0.00032519151484668873,0.920834580093714,mausam-imd-bihar-subdistrict-hgb-1.3,subdistrict
IN-LGD-S-10-212-1402,1402,212,Patna,Phulwari,10,Bihar,subdistrict,2025-12-31,2026-01-01,2026-01-07,7,0.44809880447326605,0.01540961448422496,0.00032519151484668873,0.918608686202989,mausam-imd-bihar-subdistrict-hgb-1.3,subdistrict
IN-LGD-S-10-212-1404,1404,212,Patna,Naubatpur,10,Bihar,subdistrict,2025-12-31,2026-01-01,2026-01-07,7,0.44809880447326605,0.01540961448422496,0.00032519151484668873,0.918608686202989,mausam-imd-bihar-subdistrict-hgb-1.3,subdistrict
IN-LGD-S-10-212-1408,1408,212,Patna,Masaurhi,10,Bihar,subdistrict,2025-12-31,2026-01-01,2026-01-07,7,0.44809880447326605,0.01540961448422496,0.00032519151484668873,0.918608686202989,mausam-imd-bihar-subdistrict-hgb-1.3,subdistrict
IN-LGD-S-10-212-1412,1412,212,Patna,Daniawan,10,Bihar,subdistrict,2025-12-31,2026-01-01,2026-01-07,7,0.44809880447326605,0.013826879002046757,0.00032519151484668873,0.918608686202989,mausam-imd-bihar-subdistrict-hgb-1.3,subdistrict
IN-LGD-S-10-212-1411,1411,212,Patna,Fatwah,10,Bihar,subdistrict,2025-12-31,2026-01-01,2026-01-07,7,0.44809880447326605,0.013826879002046757,0.00032519151484668873,0.918608686202989,mausam-imd-bihar-subdistrict-hgb-1.3,subdistrict
IN-LGD-S-10-212-1409,1409,212,Patna,Dhanarua,10,Bihar,subdistrict,2025-12-31,2026-01-01,2026-01-07,7,0.44809880447326605,0.013826879002046757,0.00032519151484668873,0.918608686202989,mausam-imd-bihar-subdistrict-hgb-1.3,subdistrict
IN-LGD-S-10-212-1410,1410,212,Patna,Punpun,10,Bihar,subdistrict,2025-12-31,2026-01-01,2026-01-07,7,0.44809880447326605,0.013826879002046757,0.00032519151484668873,0.918608686202989,mausam-imd-bihar-subdistrict-hgb-1.3,subdistrict
IN-LGD-S-10-212-1401,1401,212,Patna,Sampatchak,10,Bihar,subdistrict,2025-12-31,2026-01-01,2026-01-07,7,0.44809880447326605,0.013826879002046757,0.00032519151484668873,0.918608686202989,mausam-imd-bihar-subdistrict-hgb-1.3,subdistrict
IN-LGD-S-10-212-1400,1400,212,Patna,Patna Rural,10,Bihar,subdistrict,2025-12-31,2026-01-01,2026-01-07,7,0.44809880447326605,0.013833109092726283,0.00032519151484668873,0.9208142729375466,mausam-imd-bihar-subdistrict-hgb-1.3,subdistrict
IN-LGD-S-10-212-1414,1414,212,Patna,Bakhtiarpur,10,Bihar,subdistrict,2025-12-31,2026-01-01,2026-01-07,7,0.44809880447326605,0.013826879002046757,0.00032519151484668873,0.918608686202989,mausam-imd-bihar-subdistrict-hgb-1.3,subdistrict
IN-LGD-S-10-212-1413,1413,212,Patna,Khusrupur,10,Bihar,subdistrict,2025-12-31,2026-01-01,2026-01-07,7,0.44809880447326605,0.013826879002046757,0.00032519151484668873,0.918608686202989,mausam-imd-bihar-subdistrict-hgb-1.3,subdistrict
IN-LGD-S-10-212-1416,1416,212,Patna,Belchhi,10,Bihar,subdistrict,2025-12-31,2026-01-01,2026-01-07,7,0.44809880447326605,0.013826879002046757,0.00032519151484668873,0.918608686202989,mausam-imd-bihar-subdistrict-hgb-1.3,subdistrict
IN-LGD-S-10-212-1417,1417,212,Patna,Barh,10,Bihar,subdistrict,2025-12-31,2026-01-01,2026-01-07,7,0.44809880447326605,0.013826879002046757,0.00032519151484668873,0.918608686202989,mausam-imd-bihar-subdistrict-hgb-1.3,subdistrict
IN-LGD-S-10-212-1415,1415,212,Patna,Athmalgola,10,Bihar,subdistrict,2025-12-31,2026-01-01,2026-01-07,7,0.44809880447326605,0.013826879002046757,0.00032519151484668873,0.918608686202989,mausam-imd-bihar-subdistrict-hgb-1.3,subdistrict
IN-LGD-S-10-212-1420,1420,212,Patna,Mokameh,10,Bihar,subdistrict,2025-12-31,2026-01-01,2026-01-07,7,0.44809880447326605,0.013826879002046757,0.00032519151484668873,0.918608686202989,mausam-imd-bihar-subdistrict-hgb-1.3,subdistrict
IN-LGD-S-10-212-1418,1418,212,Patna,Pandarak,10,Bihar,subdistrict,2025-12-31,2026-01-01,2026-01-07,7,0.44809880447326605,0.013826879002046757,0.00032519151484668873,0.918608686202989,mausam-imd-bihar-subdistrict-hgb-1.3,subdistrict
IN-LGD-S-10-212-1419,1419,212,Patna,Ghoswari,10,Bihar,subdistrict,2025-12-31,2026-01-01,2026-01-07,7,0.44809880447326605,0.013826879002046757,0.00032519151484668873,0.918608686202989,mausam-imd-bihar-subdistrict-hgb-1.3,subdistrict
IN-LGD-S-10-208-1211,1211,208,Muzaffarpur,Dholi (Moraul),10,Bihar,subdistrict,2025-12-31,2026-01-01,2026-01-07,7,0.44809880447326605,0.013181759236022812,0.00032519151484668873,0.920834580093714,mausam-imd-bihar-subdistrict-hgb-1.3,subdistrict
IN-LGD-S-10-208-1210,1210,208,Muzaffarpur,Bandra,10,Bihar,subdistrict,2025-12-31,2026-01-01,2026-01-07,7,0.44809880447326605,0.013181759236022812,0.00032519151484668873,0.920834580093714,mausam-imd-bihar-subdistrict-hgb-1.3,subdistrict
IN-LGD-S-10-208-1209,1209,208,Muzaffarpur,Gaighat,10,Bihar,subdistrict,2025-12-31,2026-01-01,2026-01-07,7,0.44809880447326605,0.013181759236022812,0.00032519151484668873,0.9261660392817294,mausam-imd-bihar-subdistrict-hgb-1.3,subdistrict
IN-LGD-S-10-208-1208,1208,208,Muzaffarpur,Katra,10,Bihar,subdistrict,2025-12-31,2026-01-01,2026-01-07,7,0.44809880447326605,0.013181759236022812,0.00032519151484668873,0.9261660392817294,mausam-imd-bihar-subdistrict-hgb-1.3,subdistrict
IN-LGD-S-10-213-1052,1052,213,Purbi Champaran,Pakri Dayal,10,Bihar,subdistrict,2025-12-31,2026-01-01,2026-01-07,7,0.44809880447326605,0.015008805226947074,0.00032519151484668873,0.9345308635487328,mausam-imd-bihar-subdistrict-hgb-1.3,subdistrict
IN-LGD-S-10-213-1053,1053,213,Purbi Champaran,Patahi,10,Bihar,subdistrict,2025-12-31,2026-01-01,2026-01-07,7,0.44809880447326605,0.013466674161472606,0.00032519151484668873,0.9345308635487328,mausam-imd-bihar-subdistrict-hgb-1.3,subdistrict
IN-LGD-S-10-213-1054,1054,213,Purbi Champaran,Phenhara,10,Bihar,subdistrict,2025-12-31,2026-01-01,2026-01-07,7,0.44809880447326605,0.013466674161472606,0.00032519151484668873,0.9345308635487328,mausam-imd-bihar-subdistrict-hgb-1.3,subdistrict
IN-LGD-S-10-213-1055,1055,213,Purbi Champaran,Madhuban,10,Bihar,subdistrict,2025-12-31,2026-01-01,2026-01-07,7,0.44809880447326605,0.013466674161472606,0.00032519151484668873,0.9345308635487328,mausam-imd-bihar-subdistrict-hgb-1.3,subdistrict
IN-LGD-S-10-213-1056,1056,213,Purbi Champaran,Tetaria,10,Bihar,subdistrict,2025-12-31,2026-01-01,2026-01-07,7,0.44809880447326605,0.013466674161472606,0.00032519151484668873,0.9345308635487328,mausam-imd-bihar-subdistrict-hgb-1.3,subdistrict
IN-LGD-S-10-213-1057,1057,213,Purbi Champaran,Mehsi,10,Bihar,subdistrict,2025-12-31,2026-01-01,2026-01-07,7,0.44809880447326605,0.013181759236022812,0.00032519151484668873,0.9324563397868117,mausam-imd-bihar-subdistrict-hgb-1.3,subdistrict
IN-LGD-S-10-208-1200,1200,208,Muzaffarpur,Baruraj (Motipur),10,Bihar,subdistrict,2025-12-31,2026-01-01,2026-01-07,7,0.44809880447326605,0.013181759236022812,0.00032519151484668873,0.9261660392817294,mausam-imd-bihar-subdistrict-hgb-1.3,subdistrict
IN-LGD-S-10-208-1205,1205,208,Muzaffarpur,Minapur,10,Bihar,subdistrict,2025-12-31,2026-01-01,2026-01-07,7,0.44809880447326605,0.013181759236022812,0.00032519151484668873,0.9261660392817294,mausam-imd-bihar-subdistrict-hgb-1.3,subdistrict
IN-LGD-S-10-208-1207,1207,208,Muzaffarpur,Aurai,10,Bihar,subdistrict,2025-12-31,2026-01-01,2026-01-07,7,0.44809880447326605,0.013181759236022812,0.00032519151484668873,0.9324563397868117,mausam-imd-bihar-subdistrict-hgb-1.3,subdistrict
IN-LGD-S-10-208-1206,1206,208,Muzaffarpur,Bochaha,10,Bihar,subdistrict,2025-12-31,2026-01-01,2026-01-07,7,0.44809880447326605,0.013181759236022812,0.00032519151484668873,0.9261660392817294,mausam-imd-bihar-subdistrict-hgb-1.3,subdistrict
IN-LGD-S-10-208-1212,1212,208,Muzaffarpur,Musahri,10,Bihar,subdistrict,2025-12-31,2026-01-01,2026-01-07,7,0.44809880447326605,0.013181759236022812,0.00032519151484668873,0.9261660392817294,mausam-imd-bihar-subdistrict-hgb-1.3,subdistrict
IN-LGD-S-10-208-1213,1213,208,Muzaffarpur,Kurhani,10,Bihar,subdistrict,2025-12-31,2026-01-01,2026-01-07,7,0.44809880447326605,0.013181759236022812,0.00032519151484668873,0.920834580093714,mausam-imd-bihar-subdistrict-hgb-1.3,subdistrict
IN-LGD-S-10-208-1214,1214,208,Muzaffarpur,Sakra,10,Bihar,subdistrict,2025-12-31,2026-01-01,2026-01-07,7,0.44809880447326605,0.013181759236022812,0.00032519151484668873,0.920834580093714,mausam-imd-bihar-subdistrict-hgb-1.3,subdistrict
IN-LGD-S-10-208-1203,1203,208,Muzaffarpur,Marwan,10,Bihar,subdistrict,2025-12-31,2026-01-01,2026-01-07,7,0.44809880447326605,0.013181759236022812,0.00032519151484668873,0.920834580093714,mausam-imd-bihar-subdistrict-hgb-1.3,subdistrict
IN-LGD-S-10-208-1204,1204,208,Muzaffarpur,Kanti,10,Bihar,subdistrict,2025-12-31,2026-01-01,2026-01-07,7,0.44809880447326605,0.013181759236022812,0.00032519151484668873,0.9261660392817294,mausam-imd-bihar-subdistrict-hgb-1.3,subdistrict
IN-LGD-S-10-208-1202,1202,208,Muzaffarpur,Saraiya,10,Bihar,subdistrict,2025-12-31,2026-01-01,2026-01-07,7,0.44809880447326605,0.013181759236022812,0.00032519151484668873,0.920834580093714,mausam-imd-bihar-subdistrict-hgb-1.3,subdistrict
IN-LGD-S-10-208-1201,1201,208,Muzaffarpur,Paroo,10,Bihar,subdistrict,2025-12-31,2026-01-01,2026-01-07,7,0.44809880447326605,0.014691749267174372,0.00032519151484668873,0.920834580093714,mausam-imd-bihar-subdistrict-hgb-1.3,subdistrict
IN-LGD-S-10-213-1047,1047,213,Purbi Champaran,Kesaria,10,Bihar,subdistrict,2025-12-31,2026-01-01,2026-01-07,7,0.44809880447326605,0.015162657807019935,0.00032519151484668873,0.9345308635487328,mausam-imd-bihar-subdistrict-hgb-1.3,subdistrict
IN-LGD-S-10-208-1199,1199,208,Muzaffarpur,Sahebganj,10,Bihar,subdistrict,2025-12-31,2026-01-01,2026-01-07,7,0.44809880447326605,0.014691749267174372,0.00032519151484668873,0.9261660392817294,mausam-imd-bihar-subdistrict-hgb-1.3,subdistrict
IN-LGD-S-10-213-1048,1048,213,Purbi Champaran,Kalyanpur,10,Bihar,subdistrict,2025-12-31,2026-01-01,2026-01-07,7,0.44809880447326605,0.015162657807019935,0.00032519151484668873,0.9345308635487328,mausam-imd-bihar-subdistrict-hgb-1.3,subdistrict
IN-LGD-S-10-213-1051,1051,213,Purbi Champaran,Chakia(Pipra),10,Bihar,subdistrict,2025-12-31,2026-01-01,2026-01-07,7,0.44809880447326605,0.015008805226947074,0.00032519151484668873,0.9345308635487328,mausam-imd-bihar-subdistrict-hgb-1.3,subdistrict
IN-LGD-S-10-213-1050,1050,213,Purbi Champaran,Piprakothi,10,Bihar,subdistrict,2025-12-31,2026-01-01,2026-01-07,7,0.44809880447326605,0.015162657807019935,0.00032519151484668873,0.9345308635487328,mausam-imd-bihar-subdistrict-hgb-1.3,subdistrict
IN-LGD-S-10-213-1042,1042,213,Purbi Champaran,Turkaulia,10,Bihar,subdistrict,2025-12-31,2026-01-01,2026-01-07,7,0.44809880447326605,0.015162657807019935,0.00032519151484668873,0.9345308635487328,mausam-imd-bihar-subdistrict-hgb-1.3,subdistrict
IN-LGD-S-10-213-1049,1049,213,Purbi Champaran,Kotwa,10,Bihar,subdistrict,2025-12-31,2026-01-01,2026-01-07,7,0.44809880447326605,0.015162657807019935,0.00032519151484668873,0.9345308635487328,mausam-imd-bihar-subdistrict-hgb-1.3,subdistrict
IN-LGD-S-10-213-1046,1046,213,Purbi Champaran,Sangrampur,10,Bihar,subdistrict,2025-12-31,2026-01-01,2026-01-07,7,0.44809880447326605,0.015162657807019935,0.00032519151484668873,0.9345308635487328,mausam-imd-bihar-subdistrict-hgb-1.3,subdistrict
IN-LGD-S-10-213-1043,1043,213,Purbi Champaran,Harsidhi,10,Bihar,subdistrict,2025-12-31,2026-01-01,2026-01-07,7,0.44809880447326605,0.015162657807019935,0.00032519151484668873,0.9345308635487328,mausam-imd-bihar-subdistrict-hgb-1.3,subdistrict
IN-LGD-S-10-213-1034,1034,213,Purbi Champaran,Sugauli,10,Bihar,subdistrict,2025-12-31,2026-01-01,2026-01-07,7,0.44809880447326605,0.015162657807019935,0.00032519151484668873,0.9351171635944848,mausam-imd-bihar-subdistrict-hgb-1.3,subdistrict
IN-LGD-S-10-213-1033,1033,213,Purbi Champaran,Ramgarhwa,10,Bihar,subdistrict,2025-12-31,2026-01-01,2026-01-07,7,0.44809880447326605,0.015162657807019935,0.00032519151484668873,0.9351171635944848,mausam-imd-bihar-subdistrict-hgb-1.3,subdistrict
IN-LGD-S-10-213-1031,1031,213,Purbi Champaran,Raxaul,10,Bihar,subdistrict,2025-12-31,2026-01-01,2026-01-07,7,0.44809880447326605,0.015162657807019935,0.00032519151484668873,0.9351171635944848,mausam-imd-bihar-subdistrict-hgb-1.3,subdistrict
IN-LGD-S-10-213-1032,1032,213,Purbi Champaran,Adapur,10,Bihar,subdistrict,2025-12-31,2026-01-01,2026-01-07,7,0.44809880447326605,0.015162657807019935,0.00032519151484668873,0.9351171635944848,mausam-imd-bihar-subdistrict-hgb-1.3,subdistrict
IN-LGD-S-10-213-1037,1037,213,Purbi Champaran,Bankatwa,10,Bihar,subdistrict,2025-12-31,2026-01-01,2026-01-07,7,0.44809880447326605,0.01414942132954723,0.00032519151484668873,0.9394078487692856,mausam-imd-bihar-subdistrict-hgb-1.3,subdistrict
IN-LGD-S-10-213-1036,1036,213,Purbi Champaran,Narkatia,10,Bihar,subdistrict,2025-12-31,2026-01-01,2026-01-07,7,0.44809880447326605,0.01414942132954723,0.00032519151484668873,0.9394078487692856,mausam-imd-bihar-subdistrict-hgb-1.3,subdistrict
IN-LGD-S-10-213-1035,1035,213,Purbi Champaran,Banjaria,10,Bihar,subdistrict,2025-12-31,2026-01-01,2026-01-07,7,0.44809880447326605,0.015162657807019935,0.00032519151484668873,0.9351171635944848,mausam-imd-bihar-subdistrict-hgb-1.3,subdistrict
IN-LGD-S-10-213-1041,1041,213,Purbi Champaran,Motihari,10,Bihar,subdistrict,2025-12-31,2026-01-01,2026-01-07,7,0.44809880447326605,0.015008805226947074,0.00032519151484668873,0.9394078487692856,mausam-imd-bihar-subdistrict-hgb-1.3,subdistrict
IN-LGD-S-10-213-1040,1040,213,Purbi Champaran,Chiraia,10,Bihar,subdistrict,2025-12-31,2026-01-01,2026-01-07,7,0.44809880447326605,0.015008805226947074,0.00032519151484668873,0.9394078487692856,mausam-imd-bihar-subdistrict-hgb-1.3,subdistrict
IN-LGD-S-10-213-1039,1039,213,Purbi Champaran,Dhaka,10,Bihar,subdistrict,2025-12-31,2026-01-01,2026-01-07,7,0.44809880447326605,0.013466674161472606,0.00032519151484668873,0.9394078487692856,mausam-imd-bihar-subdistrict-hgb-1.3,subdistrict
IN-LGD-S-10-213-1038,1038,213,Purbi Champaran,Ghorasahan,10,Bihar,subdistrict,2025-12-31,2026-01-01,2026-01-07,7,0.44809880447326605,0.013466674161472606,0.00032519151484668873,0.9394078487692856,mausam-imd-bihar-subdistrict-hgb-1.3,subdistrict
IN-LGD-S-10-213-1044,1044,213,Purbi Champaran,Paharpur,10,Bihar,subdistrict,2025-12-31,2026-01-01,2026-01-07,7,0.44809880447326605,0.015162657807019935,0.00032519151484668873,0.9345308635487328,mausam-imd-bihar-subdistrict-hgb-1.3,subdistrict
IN-LGD-S-10-213-1045,1045,213,Purbi Champaran,Areraj,10,Bihar,subdistrict,2025-12-31,2026-01-01,2026-01-07,7,0.44809880447326605,0.015162657807019935,0.00032519151484668873,0.9345308635487328,mausam-imd-bihar-subdistrict-hgb-1.3,subdistrict
IN-LGD-D-10-212,212,212,Patna,Patna,10,Bihar,district,2025-12-31,2026-01-01,2026-01-14,14,0.752548385093488,0.014412609275667034,0.0005801490405560948,,mausam-imd-bihar-subdistrict-hgb-1.3,district
IN-LGD-D-10-208,208,208,Muzaffarpur,Muzaffarpur,10,Bihar,district,2025-12-31,2026-01-01,2026-01-14,14,0.752548385093488,0.010790167268848244,0.0005801490405560948,,mausam-imd-bihar-subdistrict-hgb-1.3,district
IN-LGD-D-10-213,213,213,East Champaran,East Champaran,10,Bihar,district,2025-12-31,2026-01-01,2026-01-14,14,0.752548385093488,0.012195782794668892,0.0005801490405560948,,mausam-imd-bihar-subdistrict-hgb-1.3,district
IN-LGD-S-10-212-1407,1407,212,Patna,Paliganj,10,Bihar,subdistrict,2025-12-31,2026-01-01,2026-01-14,14,0.752548385093488,0.014412609275667034,0.0005801490405560948,,mausam-imd-bihar-subdistrict-hgb-1.3,subdistrict
IN-LGD-S-10-212-1406,1406,212,Patna,Dulhin Bazar,10,Bihar,subdistrict,2025-12-31,2026-01-01,2026-01-14,14,0.752548385093488,0.014412609275667034,0.0005801490405560948,,mausam-imd-bihar-subdistrict-hgb-1.3,subdistrict
IN-LGD-S-10-212-1405,1405,212,Patna,Bikram,10,Bihar,subdistrict,2025-12-31,2026-01-01,2026-01-14,14,0.752548385093488,0.014412609275667034,0.0005801490405560948,,mausam-imd-bihar-subdistrict-hgb-1.3,subdistrict
IN-LGD-S-10-212-1403,1403,212,Patna,Bihta,10,Bihar,subdistrict,2025-12-31,2026-01-01,2026-01-14,14,0.752548385093488,0.014412609275667034,0.0005801490405560948,,mausam-imd-bihar-subdistrict-hgb-1.3,subdistrict
IN-LGD-S-10-212-1398,1398,212,Patna,Maner,10,Bihar,subdistrict,2025-12-31,2026-01-01,2026-01-14,14,0.752548385093488,0.010790167268848244,0.0005801490405560948,,mausam-imd-bihar-subdistrict-hgb-1.3,subdistrict
IN-LGD-S-10-212-1399,1399,212,Patna,Dinapur-Cum-Khagaul,10,Bihar,subdistrict,2025-12-31,2026-01-01,2026-01-14,14,0.752548385093488,0.010790167268848244,0.0005801490405560948,,mausam-imd-bihar-subdistrict-hgb-1.3,subdistrict
IN-LGD-S-10-212-1402,1402,212,Patna,Phulwari,10,Bihar,subdistrict,2025-12-31,2026-01-01,2026-01-14,14,0.752548385093488,0.014412609275667034,0.0005801490405560948,,mausam-imd-bihar-subdistrict-hgb-1.3,subdistrict
IN-LGD-S-10-212-1404,1404,212,Patna,Naubatpur,10,Bihar,subdistrict,2025-12-31,2026-01-01,2026-01-14,14,0.752548385093488,0.014412609275667034,0.0005801490405560948,,mausam-imd-bihar-subdistrict-hgb-1.3,subdistrict
IN-LGD-S-10-212-1408,1408,212,Patna,Masaurhi,10,Bihar,subdistrict,2025-12-31,2026-01-01,2026-01-14,14,0.752548385093488,0.014412609275667034,0.0005801490405560948,,mausam-imd-bihar-subdistrict-hgb-1.3,subdistrict
IN-LGD-S-10-212-1412,1412,212,Patna,Daniawan,10,Bihar,subdistrict,2025-12-31,2026-01-01,2026-01-14,14,0.752548385093488,0.014412609275667034,0.0005801490405560948,,mausam-imd-bihar-subdistrict-hgb-1.3,subdistrict
IN-LGD-S-10-212-1411,1411,212,Patna,Fatwah,10,Bihar,subdistrict,2025-12-31,2026-01-01,2026-01-14,14,0.752548385093488,0.014412609275667034,0.0005801490405560948,,mausam-imd-bihar-subdistrict-hgb-1.3,subdistrict
IN-LGD-S-10-212-1409,1409,212,Patna,Dhanarua,10,Bihar,subdistrict,2025-12-31,2026-01-01,2026-01-14,14,0.752548385093488,0.014412609275667034,0.0005801490405560948,,mausam-imd-bihar-subdistrict-hgb-1.3,subdistrict
IN-LGD-S-10-212-1410,1410,212,Patna,Punpun,10,Bihar,subdistrict,2025-12-31,2026-01-01,2026-01-14,14,0.752548385093488,0.014412609275667034,0.0005801490405560948,,mausam-imd-bihar-subdistrict-hgb-1.3,subdistrict
IN-LGD-S-10-212-1401,1401,212,Patna,Sampatchak,10,Bihar,subdistrict,2025-12-31,2026-01-01,2026-01-14,14,0.752548385093488,0.014412609275667034,0.0005801490405560948,,mausam-imd-bihar-subdistrict-hgb-1.3,subdistrict
IN-LGD-S-10-212-1400,1400,212,Patna,Patna Rural,10,Bihar,subdistrict,2025-12-31,2026-01-01,2026-01-14,14,0.752548385093488,0.013822156378333455,0.0005801490405560948,,mausam-imd-bihar-subdistrict-hgb-1.3,subdistrict
IN-LGD-S-10-212-1414,1414,212,Patna,Bakhtiarpur,10,Bihar,subdistrict,2025-12-31,2026-01-01,2026-01-14,14,0.752548385093488,0.014412609275667034,0.0005801490405560948,,mausam-imd-bihar-subdistrict-hgb-1.3,subdistrict
IN-LGD-S-10-212-1413,1413,212,Patna,Khusrupur,10,Bihar,subdistrict,2025-12-31,2026-01-01,2026-01-14,14,0.752548385093488,0.014412609275667034,0.0005801490405560948,,mausam-imd-bihar-subdistrict-hgb-1.3,subdistrict
IN-LGD-S-10-212-1416,1416,212,Patna,Belchhi,10,Bihar,subdistrict,2025-12-31,2026-01-01,2026-01-14,14,0.752548385093488,0.014412609275667034,0.0005801490405560948,,mausam-imd-bihar-subdistrict-hgb-1.3,subdistrict
IN-LGD-S-10-212-1417,1417,212,Patna,Barh,10,Bihar,subdistrict,2025-12-31,2026-01-01,2026-01-14,14,0.752548385093488,0.014412609275667034,0.0005801490405560948,,mausam-imd-bihar-subdistrict-hgb-1.3,subdistrict
IN-LGD-S-10-212-1415,1415,212,Patna,Athmalgola,10,Bihar,subdistrict,2025-12-31,2026-01-01,2026-01-14,14,0.752548385093488,0.014412609275667034,0.0005801490405560948,,mausam-imd-bihar-subdistrict-hgb-1.3,subdistrict
IN-LGD-S-10-212-1420,1420,212,Patna,Mokameh,10,Bihar,subdistrict,2025-12-31,2026-01-01,2026-01-14,14,0.752548385093488,0.014412609275667034,0.0005801490405560948,,mausam-imd-bihar-subdistrict-hgb-1.3,subdistrict
IN-LGD-S-10-212-1418,1418,212,Patna,Pandarak,10,Bihar,subdistrict,2025-12-31,2026-01-01,2026-01-14,14,0.752548385093488,0.014412609275667034,0.0005801490405560948,,mausam-imd-bihar-subdistrict-hgb-1.3,subdistrict
IN-LGD-S-10-212-1419,1419,212,Patna,Ghoswari,10,Bihar,subdistrict,2025-12-31,2026-01-01,2026-01-14,14,0.752548385093488,0.014412609275667034,0.0005801490405560948,,mausam-imd-bihar-subdistrict-hgb-1.3,subdistrict
IN-LGD-S-10-208-1211,1211,208,Muzaffarpur,Dholi (Moraul),10,Bihar,subdistrict,2025-12-31,2026-01-01,2026-01-14,14,0.752548385093488,0.010790167268848244,0.0005801490405560948,,mausam-imd-bihar-subdistrict-hgb-1.3,subdistrict
IN-LGD-S-10-208-1210,1210,208,Muzaffarpur,Bandra,10,Bihar,subdistrict,2025-12-31,2026-01-01,2026-01-14,14,0.752548385093488,0.010790167268848244,0.0005801490405560948,,mausam-imd-bihar-subdistrict-hgb-1.3,subdistrict
IN-LGD-S-10-208-1209,1209,208,Muzaffarpur,Gaighat,10,Bihar,subdistrict,2025-12-31,2026-01-01,2026-01-14,14,0.752548385093488,0.010790167268848244,0.0005801490405560948,,mausam-imd-bihar-subdistrict-hgb-1.3,subdistrict
IN-LGD-S-10-208-1208,1208,208,Muzaffarpur,Katra,10,Bihar,subdistrict,2025-12-31,2026-01-01,2026-01-14,14,0.752548385093488,0.010790167268848244,0.0005801490405560948,,mausam-imd-bihar-subdistrict-hgb-1.3,subdistrict
IN-LGD-S-10-213-1052,1052,213,Purbi Champaran,Pakri Dayal,10,Bihar,subdistrict,2025-12-31,2026-01-01,2026-01-14,14,0.752548385093488,0.012195782794668892,0.0005801490405560948,,mausam-imd-bihar-subdistrict-hgb-1.3,subdistrict
IN-LGD-S-10-213-1053,1053,213,Purbi Champaran,Patahi,10,Bihar,subdistrict,2025-12-31,2026-01-01,2026-01-14,14,0.752548385093488,0.012195782794668892,0.0005801490405560948,,mausam-imd-bihar-subdistrict-hgb-1.3,subdistrict
IN-LGD-S-10-213-1054,1054,213,Purbi Champaran,Phenhara,10,Bihar,subdistrict,2025-12-31,2026-01-01,2026-01-14,14,0.752548385093488,0.012195782794668892,0.0005801490405560948,,mausam-imd-bihar-subdistrict-hgb-1.3,subdistrict
IN-LGD-S-10-213-1055,1055,213,Purbi Champaran,Madhuban,10,Bihar,subdistrict,2025-12-31,2026-01-01,2026-01-14,14,0.752548385093488,0.012195782794668892,0.0005801490405560948,,mausam-imd-bihar-subdistrict-hgb-1.3,subdistrict
IN-LGD-S-10-213-1056,1056,213,Purbi Champaran,Tetaria,10,Bihar,subdistrict,2025-12-31,2026-01-01,2026-01-14,14,0.752548385093488,0.012195782794668892,0.0005801490405560948,,mausam-imd-bihar-subdistrict-hgb-1.3,subdistrict
IN-LGD-S-10-213-1057,1057,213,Purbi Champaran,Mehsi,10,Bihar,subdistrict,2025-12-31,2026-01-01,2026-01-14,14,0.752548385093488,0.010790167268848244,0.0005801490405560948,,mausam-imd-bihar-subdistrict-hgb-1.3,subdistrict
IN-LGD-S-10-208-1200,1200,208,Muzaffarpur,Baruraj (Motipur),10,Bihar,subdistrict,2025-12-31,2026-01-01,2026-01-14,14,0.752548385093488,0.010790167268848244,0.0005801490405560948,,mausam-imd-bihar-subdistrict-hgb-1.3,subdistrict
IN-LGD-S-10-208-1205,1205,208,Muzaffarpur,Minapur,10,Bihar,subdistrict,2025-12-31,2026-01-01,2026-01-14,14,0.752548385093488,0.010790167268848244,0.0005801490405560948,,mausam-imd-bihar-subdistrict-hgb-1.3,subdistrict
IN-LGD-S-10-208-1207,1207,208,Muzaffarpur,Aurai,10,Bihar,subdistrict,2025-12-31,2026-01-01,2026-01-14,14,0.752548385093488,0.010790167268848244,0.0005801490405560948,,mausam-imd-bihar-subdistrict-hgb-1.3,subdistrict
IN-LGD-S-10-208-1206,1206,208,Muzaffarpur,Bochaha,10,Bihar,subdistrict,2025-12-31,2026-01-01,2026-01-14,14,0.752548385093488,0.010790167268848244,0.0005801490405560948,,mausam-imd-bihar-subdistrict-hgb-1.3,subdistrict
IN-LGD-S-10-208-1212,1212,208,Muzaffarpur,Musahri,10,Bihar,subdistrict,2025-12-31,2026-01-01,2026-01-14,14,0.752548385093488,0.010790167268848244,0.0005801490405560948,,mausam-imd-bihar-subdistrict-hgb-1.3,subdistrict
IN-LGD-S-10-208-1213,1213,208,Muzaffarpur,Kurhani,10,Bihar,subdistrict,2025-12-31,2026-01-01,2026-01-14,14,0.752548385093488,0.010790167268848244,0.0005801490405560948,,mausam-imd-bihar-subdistrict-hgb-1.3,subdistrict
IN-LGD-S-10-208-1214,1214,208,Muzaffarpur,Sakra,10,Bihar,subdistrict,2025-12-31,2026-01-01,2026-01-14,14,0.752548385093488,0.010790167268848244,0.0005801490405560948,,mausam-imd-bihar-subdistrict-hgb-1.3,subdistrict
IN-LGD-S-10-208-1203,1203,208,Muzaffarpur,Marwan,10,Bihar,subdistrict,2025-12-31,2026-01-01,2026-01-14,14,0.752548385093488,0.010790167268848244,0.0005801490405560948,,mausam-imd-bihar-subdistrict-hgb-1.3,subdistrict
IN-LGD-S-10-208-1204,1204,208,Muzaffarpur,Kanti,10,Bihar,subdistrict,2025-12-31,2026-01-01,2026-01-14,14,0.752548385093488,0.010790167268848244,0.0005801490405560948,,mausam-imd-bihar-subdistrict-hgb-1.3,subdistrict
IN-LGD-S-10-208-1202,1202,208,Muzaffarpur,Saraiya,10,Bihar,subdistrict,2025-12-31,2026-01-01,2026-01-14,14,0.752548385093488,0.010790167268848244,0.0005801490405560948,,mausam-imd-bihar-subdistrict-hgb-1.3,subdistrict
IN-LGD-S-10-208-1201,1201,208,Muzaffarpur,Paroo,10,Bihar,subdistrict,2025-12-31,2026-01-01,2026-01-14,14,0.752548385093488,0.010790167268848244,0.0005801490405560948,,mausam-imd-bihar-subdistrict-hgb-1.3,subdistrict
IN-LGD-S-10-213-1047,1047,213,Purbi Champaran,Kesaria,10,Bihar,subdistrict,2025-12-31,2026-01-01,2026-01-14,14,0.752548385093488,0.012195782794668892,0.0005801490405560948,,mausam-imd-bihar-subdistrict-hgb-1.3,subdistrict
IN-LGD-S-10-208-1199,1199,208,Muzaffarpur,Sahebganj,10,Bihar,subdistrict,2025-12-31,2026-01-01,2026-01-14,14,0.752548385093488,0.010790167268848244,0.0005801490405560948,,mausam-imd-bihar-subdistrict-hgb-1.3,subdistrict
IN-LGD-S-10-213-1048,1048,213,Purbi Champaran,Kalyanpur,10,Bihar,subdistrict,2025-12-31,2026-01-01,2026-01-14,14,0.752548385093488,0.012195782794668892,0.0005801490405560948,,mausam-imd-bihar-subdistrict-hgb-1.3,subdistrict
IN-LGD-S-10-213-1051,1051,213,Purbi Champaran,Chakia(Pipra),10,Bihar,subdistrict,2025-12-31,2026-01-01,2026-01-14,14,0.752548385093488,0.012195782794668892,0.0005801490405560948,,mausam-imd-bihar-subdistrict-hgb-1.3,subdistrict
IN-LGD-S-10-213-1050,1050,213,Purbi Champaran,Piprakothi,10,Bihar,subdistrict,2025-12-31,2026-01-01,2026-01-14,14,0.752548385093488,0.012195782794668892,0.0005801490405560948,,mausam-imd-bihar-subdistrict-hgb-1.3,subdistrict
IN-LGD-S-10-213-1042,1042,213,Purbi Champaran,Turkaulia,10,Bihar,subdistrict,2025-12-31,2026-01-01,2026-01-14,14,0.752548385093488,0.012195782794668892,0.0005801490405560948,,mausam-imd-bihar-subdistrict-hgb-1.3,subdistrict
IN-LGD-S-10-213-1049,1049,213,Purbi Champaran,Kotwa,10,Bihar,subdistrict,2025-12-31,2026-01-01,2026-01-14,14,0.752548385093488,0.012195782794668892,0.0005801490405560948,,mausam-imd-bihar-subdistrict-hgb-1.3,subdistrict
IN-LGD-S-10-213-1046,1046,213,Purbi Champaran,Sangrampur,10,Bihar,subdistrict,2025-12-31,2026-01-01,2026-01-14,14,0.8086427636688925,0.012195782794668892,0.0005801490405560948,,mausam-imd-bihar-subdistrict-hgb-1.3,subdistrict
IN-LGD-S-10-213-1043,1043,213,Purbi Champaran,Harsidhi,10,Bihar,subdistrict,2025-12-31,2026-01-01,2026-01-14,14,0.8086427636688925,0.012195782794668892,0.0005801490405560948,,mausam-imd-bihar-subdistrict-hgb-1.3,subdistrict
IN-LGD-S-10-213-1034,1034,213,Purbi Champaran,Sugauli,10,Bihar,subdistrict,2025-12-31,2026-01-01,2026-01-14,14,0.8086427636688925,0.012195782794668892,0.0005801490405560948,,mausam-imd-bihar-subdistrict-hgb-1.3,subdistrict
IN-LGD-S-10-213-1033,1033,213,Purbi Champaran,Ramgarhwa,10,Bihar,subdistrict,2025-12-31,2026-01-01,2026-01-14,14,0.8086427636688925,0.012195782794668892,0.0005801490405560948,,mausam-imd-bihar-subdistrict-hgb-1.3,subdistrict
IN-LGD-S-10-213-1031,1031,213,Purbi Champaran,Raxaul,10,Bihar,subdistrict,2025-12-31,2026-01-01,2026-01-14,14,0.8086427636688925,0.012195782794668892,0.0005801490405560948,,mausam-imd-bihar-subdistrict-hgb-1.3,subdistrict
IN-LGD-S-10-213-1032,1032,213,Purbi Champaran,Adapur,10,Bihar,subdistrict,2025-12-31,2026-01-01,2026-01-14,14,0.752548385093488,0.012195782794668892,0.0005801490405560948,,mausam-imd-bihar-subdistrict-hgb-1.3,subdistrict
IN-LGD-S-10-213-1037,1037,213,Purbi Champaran,Bankatwa,10,Bihar,subdistrict,2025-12-31,2026-01-01,2026-01-14,14,0.752548385093488,0.012195782794668892,0.0005801490405560948,,mausam-imd-bihar-subdistrict-hgb-1.3,subdistrict
IN-LGD-S-10-213-1036,1036,213,Purbi Champaran,Narkatia,10,Bihar,subdistrict,2025-12-31,2026-01-01,2026-01-14,14,0.752548385093488,0.012195782794668892,0.0005801490405560948,,mausam-imd-bihar-subdistrict-hgb-1.3,subdistrict
IN-LGD-S-10-213-1035,1035,213,Purbi Champaran,Banjaria,10,Bihar,subdistrict,2025-12-31,2026-01-01,2026-01-14,14,0.752548385093488,0.012195782794668892,0.0005801490405560948,,mausam-imd-bihar-subdistrict-hgb-1.3,subdistrict
IN-LGD-S-10-213-1041,1041,213,Purbi Champaran,Motihari,10,Bihar,subdistrict,2025-12-31,2026-01-01,2026-01-14,14,0.752548385093488,0.012195782794668892,0.0005801490405560948,,mausam-imd-bihar-subdistrict-hgb-1.3,subdistrict
IN-LGD-S-10-213-1040,1040,213,Purbi Champaran,Chiraia,10,Bihar,subdistrict,2025-12-31,2026-01-01,2026-01-14,14,0.752548385093488,0.012195782794668892,0.0005801490405560948,,mausam-imd-bihar-subdistrict-hgb-1.3,subdistrict
IN-LGD-S-10-213-1039,1039,213,Purbi Champaran,Dhaka,10,Bihar,subdistrict,2025-12-31,2026-01-01,2026-01-14,14,0.752548385093488,0.012195782794668892,0.0005801490405560948,,mausam-imd-bihar-subdistrict-hgb-1.3,subdistrict
IN-LGD-S-10-213-1038,1038,213,Purbi Champaran,Ghorasahan,10,Bihar,subdistrict,2025-12-31,2026-01-01,2026-01-14,14,0.752548385093488,0.012195782794668892,0.0005801490405560948,,mausam-imd-bihar-subdistrict-hgb-1.3,subdistrict
IN-LGD-S-10-213-1044,1044,213,Purbi Champaran,Paharpur,10,Bihar,subdistrict,2025-12-31,2026-01-01,2026-01-14,14,0.8086427636688925,0.012195782794668892,0.0005801490405560948,,mausam-imd-bihar-subdistrict-hgb-1.3,subdistrict
IN-LGD-S-10-213-1045,1045,213,Purbi Champaran,Areraj,10,Bihar,subdistrict,2025-12-31,2026-01-01,2026-01-14,14,0.8086427636688925,0.012195782794668892,0.0005801490405560948,,mausam-imd-bihar-subdistrict-hgb-1.3,subdistrict
IN-LGD-D-10-212,212,212,Patna,Patna,10,Bihar,district,2025-12-31,2026-01-01,2026-01-21,21,0.7825339065275313,0.011954875603611621,0.0008216305935143883,,mausam-imd-bihar-subdistrict-hgb-1.3,district
IN-LGD-D-10-208,208,208,Muzaffarpur,Muzaffarpur,10,Bihar,district,2025-12-31,2026-01-01,2026-01-21,21,0.7825339065275313,0.012302503944228028,0.0008216305935143883,,mausam-imd-bihar-subdistrict-hgb-1.3,district
IN-LGD-D-10-213,213,213,East Champaran,East Champaran,10,Bihar,district,2025-12-31,2026-01-01,2026-01-21,21,0.7825339065275313,0.015459111503814611,0.0008216305935143883,,mausam-imd-bihar-subdistrict-hgb-1.3,district
IN-LGD-S-10-212-1407,1407,212,Patna,Paliganj,10,Bihar,subdistrict,2025-12-31,2026-01-01,2026-01-21,21,0.7825339065275313,0.013143910070893373,0.0008216305935143883,,mausam-imd-bihar-subdistrict-hgb-1.3,subdistrict
IN-LGD-S-10-212-1406,1406,212,Patna,Dulhin Bazar,10,Bihar,subdistrict,2025-12-31,2026-01-01,2026-01-21,21,0.7825339065275313,0.013143910070893373,0.0008216305935143883,,mausam-imd-bihar-subdistrict-hgb-1.3,subdistrict
IN-LGD-S-10-212-1405,1405,212,Patna,Bikram,10,Bihar,subdistrict,2025-12-31,2026-01-01,2026-01-21,21,0.7825339065275313,0.013143910070893373,0.0008216305935143883,,mausam-imd-bihar-subdistrict-hgb-1.3,subdistrict
IN-LGD-S-10-212-1403,1403,212,Patna,Bihta,10,Bihar,subdistrict,2025-12-31,2026-01-01,2026-01-21,21,0.7825339065275313,0.013143910070893373,0.0008216305935143883,,mausam-imd-bihar-subdistrict-hgb-1.3,subdistrict
IN-LGD-S-10-212-1398,1398,212,Patna,Maner,10,Bihar,subdistrict,2025-12-31,2026-01-01,2026-01-21,21,0.7825339065275313,0.012302503944228028,0.0008216305935143883,,mausam-imd-bihar-subdistrict-hgb-1.3,subdistrict
IN-LGD-S-10-212-1399,1399,212,Patna,Dinapur-Cum-Khagaul,10,Bihar,subdistrict,2025-12-31,2026-01-01,2026-01-21,21,0.7825339065275313,0.01218448400627718,0.0008216305935143883,,mausam-imd-bihar-subdistrict-hgb-1.3,subdistrict
IN-LGD-S-10-212-1402,1402,212,Patna,Phulwari,10,Bihar,subdistrict,2025-12-31,2026-01-01,2026-01-21,21,0.7825339065275313,0.011954875603611621,0.0008216305935143883,,mausam-imd-bihar-subdistrict-hgb-1.3,subdistrict
IN-LGD-S-10-212-1404,1404,212,Patna,Naubatpur,10,Bihar,subdistrict,2025-12-31,2026-01-01,2026-01-21,21,0.7825339065275313,0.011954875603611621,0.0008216305935143883,,mausam-imd-bihar-subdistrict-hgb-1.3,subdistrict
IN-LGD-S-10-212-1408,1408,212,Patna,Masaurhi,10,Bihar,subdistrict,2025-12-31,2026-01-01,2026-01-21,21,0.7825339065275313,0.011954875603611621,0.0008216305935143883,,mausam-imd-bihar-subdistrict-hgb-1.3,subdistrict
IN-LGD-S-10-212-1412,1412,212,Patna,Daniawan,10,Bihar,subdistrict,2025-12-31,2026-01-01,2026-01-21,21,0.7825339065275313,0.011954875603611621,0.0008216305935143883,,mausam-imd-bihar-subdistrict-hgb-1.3,subdistrict
IN-LGD-S-10-212-1411,1411,212,Patna,Fatwah,10,Bihar,subdistrict,2025-12-31,2026-01-01,2026-01-21,21,0.7825339065275313,0.011954875603611621,0.0008216305935143883,,mausam-imd-bihar-subdistrict-hgb-1.3,subdistrict
IN-LGD-S-10-212-1409,1409,212,Patna,Dhanarua,10,Bihar,subdistrict,2025-12-31,2026-01-01,2026-01-21,21,0.7825339065275313,0.011954875603611621,0.0008216305935143883,,mausam-imd-bihar-subdistrict-hgb-1.3,subdistrict
IN-LGD-S-10-212-1410,1410,212,Patna,Punpun,10,Bihar,subdistrict,2025-12-31,2026-01-01,2026-01-21,21,0.7825339065275313,0.011954875603611621,0.0008216305935143883,,mausam-imd-bihar-subdistrict-hgb-1.3,subdistrict
IN-LGD-S-10-212-1401,1401,212,Patna,Sampatchak,10,Bihar,subdistrict,2025-12-31,2026-01-01,2026-01-21,21,0.7825339065275313,0.011954875603611621,0.0008216305935143883,,mausam-imd-bihar-subdistrict-hgb-1.3,subdistrict
IN-LGD-S-10-212-1400,1400,212,Patna,Patna Rural,10,Bihar,subdistrict,2025-12-31,2026-01-01,2026-01-21,21,0.7825339065275313,0.011954875603611621,0.0008216305935143883,,mausam-imd-bihar-subdistrict-hgb-1.3,subdistrict
IN-LGD-S-10-212-1414,1414,212,Patna,Bakhtiarpur,10,Bihar,subdistrict,2025-12-31,2026-01-01,2026-01-21,21,0.7825339065275313,0.011954875603611621,0.0008216305935143883,,mausam-imd-bihar-subdistrict-hgb-1.3,subdistrict
IN-LGD-S-10-212-1413,1413,212,Patna,Khusrupur,10,Bihar,subdistrict,2025-12-31,2026-01-01,2026-01-21,21,0.7825339065275313,0.011954875603611621,0.0008216305935143883,,mausam-imd-bihar-subdistrict-hgb-1.3,subdistrict
IN-LGD-S-10-212-1416,1416,212,Patna,Belchhi,10,Bihar,subdistrict,2025-12-31,2026-01-01,2026-01-21,21,0.7825339065275313,0.011954875603611621,0.0008216305935143883,,mausam-imd-bihar-subdistrict-hgb-1.3,subdistrict
IN-LGD-S-10-212-1417,1417,212,Patna,Barh,10,Bihar,subdistrict,2025-12-31,2026-01-01,2026-01-21,21,0.7825339065275313,0.011954875603611621,0.0008216305935143883,,mausam-imd-bihar-subdistrict-hgb-1.3,subdistrict
IN-LGD-S-10-212-1415,1415,212,Patna,Athmalgola,10,Bihar,subdistrict,2025-12-31,2026-01-01,2026-01-21,21,0.7825339065275313,0.011954875603611621,0.0008216305935143883,,mausam-imd-bihar-subdistrict-hgb-1.3,subdistrict
IN-LGD-S-10-212-1420,1420,212,Patna,Mokameh,10,Bihar,subdistrict,2025-12-31,2026-01-01,2026-01-21,21,0.7825339065275313,0.011954875603611621,0.0008216305935143883,,mausam-imd-bihar-subdistrict-hgb-1.3,subdistrict
IN-LGD-S-10-212-1418,1418,212,Patna,Pandarak,10,Bihar,subdistrict,2025-12-31,2026-01-01,2026-01-21,21,0.7825339065275313,0.011954875603611621,0.0008216305935143883,,mausam-imd-bihar-subdistrict-hgb-1.3,subdistrict
IN-LGD-S-10-212-1419,1419,212,Patna,Ghoswari,10,Bihar,subdistrict,2025-12-31,2026-01-01,2026-01-21,21,0.7825339065275313,0.011954875603611621,0.0008216305935143883,,mausam-imd-bihar-subdistrict-hgb-1.3,subdistrict
IN-LGD-S-10-208-1211,1211,208,Muzaffarpur,Dholi (Moraul),10,Bihar,subdistrict,2025-12-31,2026-01-01,2026-01-21,21,0.7825339065275313,0.012302503944228028,0.0008216305935143883,,mausam-imd-bihar-subdistrict-hgb-1.3,subdistrict
IN-LGD-S-10-208-1210,1210,208,Muzaffarpur,Bandra,10,Bihar,subdistrict,2025-12-31,2026-01-01,2026-01-21,21,0.7825339065275313,0.012302503944228028,0.0008216305935143883,,mausam-imd-bihar-subdistrict-hgb-1.3,subdistrict
IN-LGD-S-10-208-1209,1209,208,Muzaffarpur,Gaighat,10,Bihar,subdistrict,2025-12-31,2026-01-01,2026-01-21,21,0.7825339065275313,0.012302503944228028,0.0008216305935143883,,mausam-imd-bihar-subdistrict-hgb-1.3,subdistrict
IN-LGD-S-10-208-1208,1208,208,Muzaffarpur,Katra,10,Bihar,subdistrict,2025-12-31,2026-01-01,2026-01-21,21,0.7825339065275313,0.012302503944228028,0.0008216305935143883,,mausam-imd-bihar-subdistrict-hgb-1.3,subdistrict
IN-LGD-S-10-213-1052,1052,213,Purbi Champaran,Pakri Dayal,10,Bihar,subdistrict,2025-12-31,2026-01-01,2026-01-21,21,0.7825339065275313,0.014063622219096883,0.0008216305935143883,,mausam-imd-bihar-subdistrict-hgb-1.3,subdistrict
IN-LGD-S-10-213-1053,1053,213,Purbi Champaran,Patahi,10,Bihar,subdistrict,2025-12-31,2026-01-01,2026-01-21,21,0.7825339065275313,0.014063622219096883,0.0008216305935143883,,mausam-imd-bihar-subdistrict-hgb-1.3,subdistrict
IN-LGD-S-10-213-1054,1054,213,Purbi Champaran,Phenhara,10,Bihar,subdistrict,2025-12-31,2026-01-01,2026-01-21,21,0.7825339065275313,0.014063622219096883,0.0008216305935143883,,mausam-imd-bihar-subdistrict-hgb-1.3,subdistrict
IN-LGD-S-10-213-1055,1055,213,Purbi Champaran,Madhuban,10,Bihar,subdistrict,2025-12-31,2026-01-01,2026-01-21,21,0.7825339065275313,0.014063622219096883,0.0008216305935143883,,mausam-imd-bihar-subdistrict-hgb-1.3,subdistrict
IN-LGD-S-10-213-1056,1056,213,Purbi Champaran,Tetaria,10,Bihar,subdistrict,2025-12-31,2026-01-01,2026-01-21,21,0.7825339065275313,0.014063622219096883,0.0008216305935143883,,mausam-imd-bihar-subdistrict-hgb-1.3,subdistrict
IN-LGD-S-10-213-1057,1057,213,Purbi Champaran,Mehsi,10,Bihar,subdistrict,2025-12-31,2026-01-01,2026-01-21,21,0.7825339065275313,0.012302503944228028,0.0008216305935143883,,mausam-imd-bihar-subdistrict-hgb-1.3,subdistrict
IN-LGD-S-10-208-1200,1200,208,Muzaffarpur,Baruraj (Motipur),10,Bihar,subdistrict,2025-12-31,2026-01-01,2026-01-21,21,0.7825339065275313,0.012302503944228028,0.0008216305935143883,,mausam-imd-bihar-subdistrict-hgb-1.3,subdistrict
IN-LGD-S-10-208-1205,1205,208,Muzaffarpur,Minapur,10,Bihar,subdistrict,2025-12-31,2026-01-01,2026-01-21,21,0.7825339065275313,0.012302503944228028,0.0008216305935143883,,mausam-imd-bihar-subdistrict-hgb-1.3,subdistrict
IN-LGD-S-10-208-1207,1207,208,Muzaffarpur,Aurai,10,Bihar,subdistrict,2025-12-31,2026-01-01,2026-01-21,21,0.7825339065275313,0.012302503944228028,0.0008216305935143883,,mausam-imd-bihar-subdistrict-hgb-1.3,subdistrict
IN-LGD-S-10-208-1206,1206,208,Muzaffarpur,Bochaha,10,Bihar,subdistrict,2025-12-31,2026-01-01,2026-01-21,21,0.7825339065275313,0.012302503944228028,0.0008216305935143883,,mausam-imd-bihar-subdistrict-hgb-1.3,subdistrict
IN-LGD-S-10-208-1212,1212,208,Muzaffarpur,Musahri,10,Bihar,subdistrict,2025-12-31,2026-01-01,2026-01-21,21,0.7825339065275313,0.012302503944228028,0.0008216305935143883,,mausam-imd-bihar-subdistrict-hgb-1.3,subdistrict
IN-LGD-S-10-208-1213,1213,208,Muzaffarpur,Kurhani,10,Bihar,subdistrict,2025-12-31,2026-01-01,2026-01-21,21,0.7825339065275313,0.012302503944228028,0.0008216305935143883,,mausam-imd-bihar-subdistrict-hgb-1.3,subdistrict
IN-LGD-S-10-208-1214,1214,208,Muzaffarpur,Sakra,10,Bihar,subdistrict,2025-12-31,2026-01-01,2026-01-21,21,0.7825339065275313,0.012302503944228028,0.0008216305935143883,,mausam-imd-bihar-subdistrict-hgb-1.3,subdistrict
IN-LGD-S-10-208-1203,1203,208,Muzaffarpur,Marwan,10,Bihar,subdistrict,2025-12-31,2026-01-01,2026-01-21,21,0.7825339065275313,0.012302503944228028,0.0008216305935143883,,mausam-imd-bihar-subdistrict-hgb-1.3,subdistrict
IN-LGD-S-10-208-1204,1204,208,Muzaffarpur,Kanti,10,Bihar,subdistrict,2025-12-31,2026-01-01,2026-01-21,21,0.7825339065275313,0.012302503944228028,0.0008216305935143883,,mausam-imd-bihar-subdistrict-hgb-1.3,subdistrict
IN-LGD-S-10-208-1202,1202,208,Muzaffarpur,Saraiya,10,Bihar,subdistrict,2025-12-31,2026-01-01,2026-01-21,21,0.7825339065275313,0.012302503944228028,0.0008216305935143883,,mausam-imd-bihar-subdistrict-hgb-1.3,subdistrict
IN-LGD-S-10-208-1201,1201,208,Muzaffarpur,Paroo,10,Bihar,subdistrict,2025-12-31,2026-01-01,2026-01-21,21,0.7825339065275313,0.012302503944228028,0.0008216305935143883,,mausam-imd-bihar-subdistrict-hgb-1.3,subdistrict
IN-LGD-S-10-213-1047,1047,213,Purbi Champaran,Kesaria,10,Bihar,subdistrict,2025-12-31,2026-01-01,2026-01-21,21,0.7825339065275313,0.015459111503814611,0.0008216305935143883,,mausam-imd-bihar-subdistrict-hgb-1.3,subdistrict
IN-LGD-S-10-208-1199,1199,208,Muzaffarpur,Sahebganj,10,Bihar,subdistrict,2025-12-31,2026-01-01,2026-01-21,21,0.7825339065275313,0.012302503944228028,0.0008216305935143883,,mausam-imd-bihar-subdistrict-hgb-1.3,subdistrict
IN-LGD-S-10-213-1048,1048,213,Purbi Champaran,Kalyanpur,10,Bihar,subdistrict,2025-12-31,2026-01-01,2026-01-21,21,0.7825339065275313,0.014063622219096883,0.0008216305935143883,,mausam-imd-bihar-subdistrict-hgb-1.3,subdistrict
IN-LGD-S-10-213-1051,1051,213,Purbi Champaran,Chakia(Pipra),10,Bihar,subdistrict,2025-12-31,2026-01-01,2026-01-21,21,0.7825339065275313,0.014063622219096883,0.0008216305935143883,,mausam-imd-bihar-subdistrict-hgb-1.3,subdistrict
IN-LGD-S-10-213-1050,1050,213,Purbi Champaran,Piprakothi,10,Bihar,subdistrict,2025-12-31,2026-01-01,2026-01-21,21,0.7825339065275313,0.014063622219096883,0.0008216305935143883,,mausam-imd-bihar-subdistrict-hgb-1.3,subdistrict
IN-LGD-S-10-213-1042,1042,213,Purbi Champaran,Turkaulia,10,Bihar,subdistrict,2025-12-31,2026-01-01,2026-01-21,21,0.7825339065275313,0.015459111503814611,0.0008216305935143883,,mausam-imd-bihar-subdistrict-hgb-1.3,subdistrict
IN-LGD-S-10-213-1049,1049,213,Purbi Champaran,Kotwa,10,Bihar,subdistrict,2025-12-31,2026-01-01,2026-01-21,21,0.7825339065275313,0.015459111503814611,0.0008216305935143883,,mausam-imd-bihar-subdistrict-hgb-1.3,subdistrict
IN-LGD-S-10-213-1046,1046,213,Purbi Champaran,Sangrampur,10,Bihar,subdistrict,2025-12-31,2026-01-01,2026-01-21,21,0.7825339065275313,0.015459111503814611,0.0008216305935143883,,mausam-imd-bihar-subdistrict-hgb-1.3,subdistrict
IN-LGD-S-10-213-1043,1043,213,Purbi Champaran,Harsidhi,10,Bihar,subdistrict,2025-12-31,2026-01-01,2026-01-21,21,0.7825339065275313,0.015459111503814611,0.0008216305935143883,,mausam-imd-bihar-subdistrict-hgb-1.3,subdistrict
IN-LGD-S-10-213-1034,1034,213,Purbi Champaran,Sugauli,10,Bihar,subdistrict,2025-12-31,2026-01-01,2026-01-21,21,0.7825339065275313,0.015459111503814611,0.0008216305935143883,,mausam-imd-bihar-subdistrict-hgb-1.3,subdistrict
IN-LGD-S-10-213-1033,1033,213,Purbi Champaran,Ramgarhwa,10,Bihar,subdistrict,2025-12-31,2026-01-01,2026-01-21,21,0.7825339065275313,0.015459111503814611,0.0008216305935143883,,mausam-imd-bihar-subdistrict-hgb-1.3,subdistrict
IN-LGD-S-10-213-1031,1031,213,Purbi Champaran,Raxaul,10,Bihar,subdistrict,2025-12-31,2026-01-01,2026-01-21,21,0.7825339065275313,0.015459111503814611,0.0008216305935143883,,mausam-imd-bihar-subdistrict-hgb-1.3,subdistrict
IN-LGD-S-10-213-1032,1032,213,Purbi Champaran,Adapur,10,Bihar,subdistrict,2025-12-31,2026-01-01,2026-01-21,21,0.7825339065275313,0.014063622219096883,0.0008216305935143883,,mausam-imd-bihar-subdistrict-hgb-1.3,subdistrict
IN-LGD-S-10-213-1037,1037,213,Purbi Champaran,Bankatwa,10,Bihar,subdistrict,2025-12-31,2026-01-01,2026-01-21,21,0.7825339065275313,0.014063622219096883,0.0008216305935143883,,mausam-imd-bihar-subdistrict-hgb-1.3,subdistrict
IN-LGD-S-10-213-1036,1036,213,Purbi Champaran,Narkatia,10,Bihar,subdistrict,2025-12-31,2026-01-01,2026-01-21,21,0.7825339065275313,0.014063622219096883,0.0008216305935143883,,mausam-imd-bihar-subdistrict-hgb-1.3,subdistrict
IN-LGD-S-10-213-1035,1035,213,Purbi Champaran,Banjaria,10,Bihar,subdistrict,2025-12-31,2026-01-01,2026-01-21,21,0.7825339065275313,0.015459111503814611,0.0008216305935143883,,mausam-imd-bihar-subdistrict-hgb-1.3,subdistrict
IN-LGD-S-10-213-1041,1041,213,Purbi Champaran,Motihari,10,Bihar,subdistrict,2025-12-31,2026-01-01,2026-01-21,21,0.7825339065275313,0.014063622219096883,0.0008216305935143883,,mausam-imd-bihar-subdistrict-hgb-1.3,subdistrict
IN-LGD-S-10-213-1040,1040,213,Purbi Champaran,Chiraia,10,Bihar,subdistrict,2025-12-31,2026-01-01,2026-01-21,21,0.7825339065275313,0.014063622219096883,0.0008216305935143883,,mausam-imd-bihar-subdistrict-hgb-1.3,subdistrict
IN-LGD-S-10-213-1039,1039,213,Purbi Champaran,Dhaka,10,Bihar,subdistrict,2025-12-31,2026-01-01,2026-01-21,21,0.7825339065275313,0.014063622219096883,0.0008216305935143883,,mausam-imd-bihar-subdistrict-hgb-1.3,subdistrict
IN-LGD-S-10-213-1038,1038,213,Purbi Champaran,Ghorasahan,10,Bihar,subdistrict,2025-12-31,2026-01-01,2026-01-21,21,0.7825339065275313,0.014063622219096883,0.0008216305935143883,,mausam-imd-bihar-subdistrict-hgb-1.3,subdistrict
IN-LGD-S-10-213-1044,1044,213,Purbi Champaran,Paharpur,10,Bihar,subdistrict,2025-12-31,2026-01-01,2026-01-21,21,0.7825339065275313,0.015459111503814611,0.0008216305935143883,,mausam-imd-bihar-subdistrict-hgb-1.3,subdistrict
IN-LGD-S-10-213-1045,1045,213,Purbi Champaran,Areraj,10,Bihar,subdistrict,2025-12-31,2026-01-01,2026-01-21,21,0.7825339065275313,0.015459111503814611,0.0008216305935143883,,mausam-imd-bihar-subdistrict-hgb-1.3,subdistrict
IN-LGD-D-10-212,212,212,Patna,Patna,10,Bihar,district,2025-12-31,2026-01-01,2026-01-30,30,1.183603900905499,0.028290921068727472,0.0012703739278418754,,mausam-imd-bihar-subdistrict-hgb-1.3,district
IN-LGD-D-10-208,208,208,Muzaffarpur,Muzaffarpur,10,Bihar,district,2025-12-31,2026-01-01,2026-01-30,30,1.183603900905499,0.02107040760558343,0.0012703739278418754,,mausam-imd-bihar-subdistrict-hgb-1.3,district
IN-LGD-D-10-213,213,213,East Champaran,East Champaran,10,Bihar,district,2025-12-31,2026-01-01,2026-01-30,30,1.183603900905499,0.04363826971822718,0.0012703739278418754,,mausam-imd-bihar-subdistrict-hgb-1.3,district
IN-LGD-S-10-212-1407,1407,212,Patna,Paliganj,10,Bihar,subdistrict,2025-12-31,2026-01-01,2026-01-30,30,1.183603900905499,0.04982875729323578,0.0012703739278418754,,mausam-imd-bihar-subdistrict-hgb-1.3,subdistrict
IN-LGD-S-10-212-1406,1406,212,Patna,Dulhin Bazar,10,Bihar,subdistrict,2025-12-31,2026-01-01,2026-01-30,30,1.183603900905499,0.04982875729323578,0.0012703739278418754,,mausam-imd-bihar-subdistrict-hgb-1.3,subdistrict
IN-LGD-S-10-212-1405,1405,212,Patna,Bikram,10,Bihar,subdistrict,2025-12-31,2026-01-01,2026-01-30,30,1.183603900905499,0.04982875729323578,0.0012703739278418754,,mausam-imd-bihar-subdistrict-hgb-1.3,subdistrict
IN-LGD-S-10-212-1403,1403,212,Patna,Bihta,10,Bihar,subdistrict,2025-12-31,2026-01-01,2026-01-30,30,1.183603900905499,0.04982875729323578,0.0012703739278418754,,mausam-imd-bihar-subdistrict-hgb-1.3,subdistrict
IN-LGD-S-10-212-1398,1398,212,Patna,Maner,10,Bihar,subdistrict,2025-12-31,2026-01-01,2026-01-30,30,1.183603900905499,0.02635774971306651,0.0012703739278418754,,mausam-imd-bihar-subdistrict-hgb-1.3,subdistrict
IN-LGD-S-10-212-1399,1399,212,Patna,Dinapur-Cum-Khagaul,10,Bihar,subdistrict,2025-12-31,2026-01-01,2026-01-30,30,1.183603900905499,0.02107040760558343,0.0012703739278418754,,mausam-imd-bihar-subdistrict-hgb-1.3,subdistrict
IN-LGD-S-10-212-1402,1402,212,Patna,Phulwari,10,Bihar,subdistrict,2025-12-31,2026-01-01,2026-01-30,30,1.183603900905499,0.028290921068727472,0.0012703739278418754,,mausam-imd-bihar-subdistrict-hgb-1.3,subdistrict
IN-LGD-S-10-212-1404,1404,212,Patna,Naubatpur,10,Bihar,subdistrict,2025-12-31,2026-01-01,2026-01-30,30,1.183603900905499,0.028290921068727472,0.0012703739278418754,,mausam-imd-bihar-subdistrict-hgb-1.3,subdistrict
IN-LGD-S-10-212-1408,1408,212,Patna,Masaurhi,10,Bihar,subdistrict,2025-12-31,2026-01-01,2026-01-30,30,1.183603900905499,0.028290921068727472,0.0012703739278418754,,mausam-imd-bihar-subdistrict-hgb-1.3,subdistrict
IN-LGD-S-10-212-1412,1412,212,Patna,Daniawan,10,Bihar,subdistrict,2025-12-31,2026-01-01,2026-01-30,30,1.183603900905499,0.028290921068727472,0.0012703739278418754,,mausam-imd-bihar-subdistrict-hgb-1.3,subdistrict
IN-LGD-S-10-212-1411,1411,212,Patna,Fatwah,10,Bihar,subdistrict,2025-12-31,2026-01-01,2026-01-30,30,1.183603900905499,0.028290921068727472,0.0012703739278418754,,mausam-imd-bihar-subdistrict-hgb-1.3,subdistrict
IN-LGD-S-10-212-1409,1409,212,Patna,Dhanarua,10,Bihar,subdistrict,2025-12-31,2026-01-01,2026-01-30,30,1.183603900905499,0.028290921068727472,0.0012703739278418754,,mausam-imd-bihar-subdistrict-hgb-1.3,subdistrict
IN-LGD-S-10-212-1410,1410,212,Patna,Punpun,10,Bihar,subdistrict,2025-12-31,2026-01-01,2026-01-30,30,1.183603900905499,0.028290921068727472,0.0012703739278418754,,mausam-imd-bihar-subdistrict-hgb-1.3,subdistrict
IN-LGD-S-10-212-1401,1401,212,Patna,Sampatchak,10,Bihar,subdistrict,2025-12-31,2026-01-01,2026-01-30,30,1.183603900905499,0.028290921068727472,0.0012703739278418754,,mausam-imd-bihar-subdistrict-hgb-1.3,subdistrict
IN-LGD-S-10-212-1400,1400,212,Patna,Patna Rural,10,Bihar,subdistrict,2025-12-31,2026-01-01,2026-01-30,30,1.183603900905499,0.028290921068727472,0.0012703739278418754,,mausam-imd-bihar-subdistrict-hgb-1.3,subdistrict
IN-LGD-S-10-212-1414,1414,212,Patna,Bakhtiarpur,10,Bihar,subdistrict,2025-12-31,2026-01-01,2026-01-30,30,1.183603900905499,0.028290921068727472,0.0012703739278418754,,mausam-imd-bihar-subdistrict-hgb-1.3,subdistrict
IN-LGD-S-10-212-1413,1413,212,Patna,Khusrupur,10,Bihar,subdistrict,2025-12-31,2026-01-01,2026-01-30,30,1.183603900905499,0.028290921068727472,0.0012703739278418754,,mausam-imd-bihar-subdistrict-hgb-1.3,subdistrict
IN-LGD-S-10-212-1416,1416,212,Patna,Belchhi,10,Bihar,subdistrict,2025-12-31,2026-01-01,2026-01-30,30,1.183603900905499,0.028290921068727472,0.0012703739278418754,,mausam-imd-bihar-subdistrict-hgb-1.3,subdistrict
IN-LGD-S-10-212-1417,1417,212,Patna,Barh,10,Bihar,subdistrict,2025-12-31,2026-01-01,2026-01-30,30,1.183603900905499,0.028290921068727472,0.0012703739278418754,,mausam-imd-bihar-subdistrict-hgb-1.3,subdistrict
IN-LGD-S-10-212-1415,1415,212,Patna,Athmalgola,10,Bihar,subdistrict,2025-12-31,2026-01-01,2026-01-30,30,1.183603900905499,0.028290921068727472,0.0012703739278418754,,mausam-imd-bihar-subdistrict-hgb-1.3,subdistrict
IN-LGD-S-10-212-1420,1420,212,Patna,Mokameh,10,Bihar,subdistrict,2025-12-31,2026-01-01,2026-01-30,30,1.183603900905499,0.028290921068727472,0.0012703739278418754,,mausam-imd-bihar-subdistrict-hgb-1.3,subdistrict
IN-LGD-S-10-212-1418,1418,212,Patna,Pandarak,10,Bihar,subdistrict,2025-12-31,2026-01-01,2026-01-30,30,1.183603900905499,0.028290921068727472,0.0012703739278418754,,mausam-imd-bihar-subdistrict-hgb-1.3,subdistrict
IN-LGD-S-10-212-1419,1419,212,Patna,Ghoswari,10,Bihar,subdistrict,2025-12-31,2026-01-01,2026-01-30,30,1.183603900905499,0.028290921068727472,0.0012703739278418754,,mausam-imd-bihar-subdistrict-hgb-1.3,subdistrict
IN-LGD-S-10-208-1211,1211,208,Muzaffarpur,Dholi (Moraul),10,Bihar,subdistrict,2025-12-31,2026-01-01,2026-01-30,30,1.183603900905499,0.02107040760558343,0.0012703739278418754,,mausam-imd-bihar-subdistrict-hgb-1.3,subdistrict
IN-LGD-S-10-208-1210,1210,208,Muzaffarpur,Bandra,10,Bihar,subdistrict,2025-12-31,2026-01-01,2026-01-30,30,1.183603900905499,0.02107040760558343,0.0012703739278418754,,mausam-imd-bihar-subdistrict-hgb-1.3,subdistrict
IN-LGD-S-10-208-1209,1209,208,Muzaffarpur,Gaighat,10,Bihar,subdistrict,2025-12-31,2026-01-01,2026-01-30,30,1.183603900905499,0.02107040760558343,0.0012703739278418754,,mausam-imd-bihar-subdistrict-hgb-1.3,subdistrict
IN-LGD-S-10-208-1208,1208,208,Muzaffarpur,Katra,10,Bihar,subdistrict,2025-12-31,2026-01-01,2026-01-30,30,1.183603900905499,0.020364500624251373,0.0012703739278418754,,mausam-imd-bihar-subdistrict-hgb-1.3,subdistrict
IN-LGD-S-10-213-1052,1052,213,Purbi Champaran,Pakri Dayal,10,Bihar,subdistrict,2025-12-31,2026-01-01,2026-01-30,30,1.183603900905499,0.023365580110938946,0.0012703739278418754,,mausam-imd-bihar-subdistrict-hgb-1.3,subdistrict
IN-LGD-S-10-213-1053,1053,213,Purbi Champaran,Patahi,10,Bihar,subdistrict,2025-12-31,2026-01-01,2026-01-30,30,1.183603900905499,0.023365580110938946,0.0012703739278418754,,mausam-imd-bihar-subdistrict-hgb-1.3,subdistrict
IN-LGD-S-10-213-1054,1054,213,Purbi Champaran,Phenhara,10,Bihar,subdistrict,2025-12-31,2026-01-01,2026-01-30,30,1.183603900905499,0.023365580110938946,0.0012703739278418754,,mausam-imd-bihar-subdistrict-hgb-1.3,subdistrict
IN-LGD-S-10-213-1055,1055,213,Purbi Champaran,Madhuban,10,Bihar,subdistrict,2025-12-31,2026-01-01,2026-01-30,30,1.183603900905499,0.023365580110938946,0.0012703739278418754,,mausam-imd-bihar-subdistrict-hgb-1.3,subdistrict
IN-LGD-S-10-213-1056,1056,213,Purbi Champaran,Tetaria,10,Bihar,subdistrict,2025-12-31,2026-01-01,2026-01-30,30,1.183603900905499,0.023638011488893267,0.0012703739278418754,,mausam-imd-bihar-subdistrict-hgb-1.3,subdistrict
IN-LGD-S-10-213-1057,1057,213,Purbi Champaran,Mehsi,10,Bihar,subdistrict,2025-12-31,2026-01-01,2026-01-30,30,1.183603900905499,0.020364500624251373,0.0012703739278418754,,mausam-imd-bihar-subdistrict-hgb-1.3,subdistrict
IN-LGD-S-10-208-1200,1200,208,Muzaffarpur,Baruraj (Motipur),10,Bihar,subdistrict,2025-12-31,2026-01-01,2026-01-30,30,1.183603900905499,0.020364500624251373,0.0012703739278418754,,mausam-imd-bihar-subdistrict-hgb-1.3,subdistrict
IN-LGD-S-10-208-1205,1205,208,Muzaffarpur,Minapur,10,Bihar,subdistrict,2025-12-31,2026-01-01,2026-01-30,30,1.183603900905499,0.020364500624251373,0.0012703739278418754,,mausam-imd-bihar-subdistrict-hgb-1.3,subdistrict
IN-LGD-S-10-208-1207,1207,208,Muzaffarpur,Aurai,10,Bihar,subdistrict,2025-12-31,2026-01-01,2026-01-30,30,1.183603900905499,0.020364500624251373,0.0012703739278418754,,mausam-imd-bihar-subdistrict-hgb-1.3,subdistrict
IN-LGD-S-10-208-1206,1206,208,Muzaffarpur,Bochaha,10,Bihar,subdistrict,2025-12-31,2026-01-01,2026-01-30,30,1.183603900905499,0.020364500624251373,0.0012703739278418754,,mausam-imd-bihar-subdistrict-hgb-1.3,subdistrict
IN-LGD-S-10-208-1212,1212,208,Muzaffarpur,Musahri,10,Bihar,subdistrict,2025-12-31,2026-01-01,2026-01-30,30,1.183603900905499,0.02107040760558343,0.0012703739278418754,,mausam-imd-bihar-subdistrict-hgb-1.3,subdistrict
IN-LGD-S-10-208-1213,1213,208,Muzaffarpur,Kurhani,10,Bihar,subdistrict,2025-12-31,2026-01-01,2026-01-30,30,1.183603900905499,0.02107040760558343,0.0012703739278418754,,mausam-imd-bihar-subdistrict-hgb-1.3,subdistrict
IN-LGD-S-10-208-1214,1214,208,Muzaffarpur,Sakra,10,Bihar,subdistrict,2025-12-31,2026-01-01,2026-01-30,30,1.183603900905499,0.02107040760558343,0.0012703739278418754,,mausam-imd-bihar-subdistrict-hgb-1.3,subdistrict
IN-LGD-S-10-208-1203,1203,208,Muzaffarpur,Marwan,10,Bihar,subdistrict,2025-12-31,2026-01-01,2026-01-30,30,1.183603900905499,0.02107040760558343,0.0012703739278418754,,mausam-imd-bihar-subdistrict-hgb-1.3,subdistrict
IN-LGD-S-10-208-1204,1204,208,Muzaffarpur,Kanti,10,Bihar,subdistrict,2025-12-31,2026-01-01,2026-01-30,30,1.183603900905499,0.020364500624251373,0.0012703739278418754,,mausam-imd-bihar-subdistrict-hgb-1.3,subdistrict
IN-LGD-S-10-208-1202,1202,208,Muzaffarpur,Saraiya,10,Bihar,subdistrict,2025-12-31,2026-01-01,2026-01-30,30,1.183603900905499,0.02107040760558343,0.0012703739278418754,,mausam-imd-bihar-subdistrict-hgb-1.3,subdistrict
IN-LGD-S-10-208-1201,1201,208,Muzaffarpur,Paroo,10,Bihar,subdistrict,2025-12-31,2026-01-01,2026-01-30,30,1.183603900905499,0.02107040760558343,0.0012703739278418754,,mausam-imd-bihar-subdistrict-hgb-1.3,subdistrict
IN-LGD-S-10-213-1047,1047,213,Purbi Champaran,Kesaria,10,Bihar,subdistrict,2025-12-31,2026-01-01,2026-01-30,30,1.183603900905499,0.04320162493991572,0.0012703739278418754,,mausam-imd-bihar-subdistrict-hgb-1.3,subdistrict
IN-LGD-S-10-208-1199,1199,208,Muzaffarpur,Sahebganj,10,Bihar,subdistrict,2025-12-31,2026-01-01,2026-01-30,30,1.183603900905499,0.022986860273257807,0.0012703739278418754,,mausam-imd-bihar-subdistrict-hgb-1.3,subdistrict
IN-LGD-S-10-213-1048,1048,213,Purbi Champaran,Kalyanpur,10,Bihar,subdistrict,2025-12-31,2026-01-01,2026-01-30,30,1.183603900905499,0.026363991917924684,0.0012703739278418754,,mausam-imd-bihar-subdistrict-hgb-1.3,subdistrict
IN-LGD-S-10-213-1051,1051,213,Purbi Champaran,Chakia(Pipra),10,Bihar,subdistrict,2025-12-31,2026-01-01,2026-01-30,30,1.183603900905499,0.023365580110938946,0.0012703739278418754,,mausam-imd-bihar-subdistrict-hgb-1.3,subdistrict
IN-LGD-S-10-213-1050,1050,213,Purbi Champaran,Piprakothi,10,Bihar,subdistrict,2025-12-31,2026-01-01,2026-01-30,30,1.183603900905499,0.026363991917924684,0.0012703739278418754,,mausam-imd-bihar-subdistrict-hgb-1.3,subdistrict
IN-LGD-S-10-213-1042,1042,213,Purbi Champaran,Turkaulia,10,Bihar,subdistrict,2025-12-31,2026-01-01,2026-01-30,30,1.183603900905499,0.043230885108795886,0.0012703739278418754,,mausam-imd-bihar-subdistrict-hgb-1.3,subdistrict
IN-LGD-S-10-213-1049,1049,213,Purbi Champaran,Kotwa,10,Bihar,subdistrict,2025-12-31,2026-01-01,2026-01-30,30,1.183603900905499,0.043230885108795886,0.0012703739278418754,,mausam-imd-bihar-subdistrict-hgb-1.3,subdistrict
IN-LGD-S-10-213-1046,1046,213,Purbi Champaran,Sangrampur,10,Bihar,subdistrict,2025-12-31,2026-01-01,2026-01-30,30,1.183603900905499,0.043230885108795886,0.0012703739278418754,,mausam-imd-bihar-subdistrict-hgb-1.3,subdistrict
IN-LGD-S-10-213-1043,1043,213,Purbi Champaran,Harsidhi,10,Bihar,subdistrict,2025-12-31,2026-01-01,2026-01-30,30,1.183603900905499,0.043230885108795886,0.0012703739278418754,,mausam-imd-bihar-subdistrict-hgb-1.3,subdistrict
IN-LGD-S-10-213-1034,1034,213,Purbi Champaran,Sugauli,10,Bihar,subdistrict,2025-12-31,2026-01-01,2026-01-30,30,1.183603900905499,0.043230885108795886,0.0012703739278418754,,mausam-imd-bihar-subdistrict-hgb-1.3,subdistrict
IN-LGD-S-10-213-1033,1033,213,Purbi Champaran,Ramgarhwa,10,Bihar,subdistrict,2025-12-31,2026-01-01,2026-01-30,30,1.183603900905499,0.04250518822995276,0.0012703739278418754,,mausam-imd-bihar-subdistrict-hgb-1.3,subdistrict
IN-LGD-S-10-213-1031,1031,213,Purbi Champaran,Raxaul,10,Bihar,subdistrict,2025-12-31,2026-01-01,2026-01-30,30,1.183603900905499,0.04250518822995276,0.0012703739278418754,,mausam-imd-bihar-subdistrict-hgb-1.3,subdistrict
IN-LGD-S-10-213-1032,1032,213,Purbi Champaran,Adapur,10,Bihar,subdistrict,2025-12-31,2026-01-01,2026-01-30,30,1.183603900905499,0.02591376311466619,0.0012703739278418754,,mausam-imd-bihar-subdistrict-hgb-1.3,subdistrict
IN-LGD-S-10-213-1037,1037,213,Purbi Champaran,Bankatwa,10,Bihar,subdistrict,2025-12-31,2026-01-01,2026-01-30,30,1.183603900905499,0.023365580110938946,0.0012703739278418754,,mausam-imd-bihar-subdistrict-hgb-1.3,subdistrict
IN-LGD-S-10-213-1036,1036,213,Purbi Champaran,Narkatia,10,Bihar,subdistrict,2025-12-31,2026-01-01,2026-01-30,30,1.183603900905499,0.023365580110938946,0.0012703739278418754,,mausam-imd-bihar-subdistrict-hgb-1.3,subdistrict
IN-LGD-S-10-213-1035,1035,213,Purbi Champaran,Banjaria,10,Bihar,subdistrict,2025-12-31,2026-01-01,2026-01-30,30,1.183603900905499,0.04363826971822718,0.0012703739278418754,,mausam-imd-bihar-subdistrict-hgb-1.3,subdistrict
IN-LGD-S-10-213-1041,1041,213,Purbi Champaran,Motihari,10,Bihar,subdistrict,2025-12-31,2026-01-01,2026-01-30,30,1.183603900905499,0.023365580110938946,0.0012703739278418754,,mausam-imd-bihar-subdistrict-hgb-1.3,subdistrict
IN-LGD-S-10-213-1040,1040,213,Purbi Champaran,Chiraia,10,Bihar,subdistrict,2025-12-31,2026-01-01,2026-01-30,30,1.183603900905499,0.023365580110938946,0.0012703739278418754,,mausam-imd-bihar-subdistrict-hgb-1.3,subdistrict
IN-LGD-S-10-213-1039,1039,213,Purbi Champaran,Dhaka,10,Bihar,subdistrict,2025-12-31,2026-01-01,2026-01-30,30,1.183603900905499,0.023365580110938946,0.0012703739278418754,,mausam-imd-bihar-subdistrict-hgb-1.3,subdistrict
IN-LGD-S-10-213-1038,1038,213,Purbi Champaran,Ghorasahan,10,Bihar,subdistrict,2025-12-31,2026-01-01,2026-01-30,30,1.183603900905499,0.023365580110938946,0.0012703739278418754,,mausam-imd-bihar-subdistrict-hgb-1.3,subdistrict
IN-LGD-S-10-213-1044,1044,213,Purbi Champaran,Paharpur,10,Bihar,subdistrict,2025-12-31,2026-01-01,2026-01-30,30,1.183603900905499,0.043230885108795886,0.0012703739278418754,,mausam-imd-bihar-subdistrict-hgb-1.3,subdistrict
IN-LGD-S-10-213-1045,1045,213,Purbi Champaran,Areraj,10,Bihar,subdistrict,2025-12-31,2026-01-01,2026-01-30,30,1.183603900905499,0.043230885108795886,0.0012703739278418754,,mausam-imd-bihar-subdistrict-hgb-1.3,subdistrict
