district,crop,season,condition,sowing_start,sowing_end,harvest_start,harvest_end,duration_days,source,source_document,source_page,source_section,source_text,source_file,validation_status
East Champaran,Rice,Kharif,Rainfed,1st week of July,2nd week of July,15th Sep,30th Nov,,"East Champaran Agriculture Contingency Plan §1.12 p.6; PMFBY Crop Calendar, East Champaran (district code 204)",,,,"East Champaran Agriculture Contingency Plan §1.12 p.6; PMFBY Crop Calendar, East Champaran (district code 204)",east_champaran_crop_calendar_verified_with_harvest_updated.csv,supplied_source_reference
East Champaran,Pigeonpea,Kharif,Rainfed,1st June,30th June,1st Mar,30th Mar,,"East Champaran Agriculture Contingency Plan §1.12 p.6 (table says generic 'Pulses', not crop-specific); supplemental crop-specific sowing window from PMFBY New Crop Calendar, Arhar, East Champaran district code 204.",,,,"East Champaran Agriculture Contingency Plan §1.12 p.6 (table says generic 'Pulses', not crop-specific); supplemental crop-specific sowing window from PMFBY New Crop Calendar, Arhar, East Champaran district code 204.",east_champaran_crop_calendar_verified_with_harvest_updated.csv,supplied_source_reference
East Champaran,Wheat,Rabi,Rainfed,1st Nov,1st Dec,1st Mar,1st Apr,,"East Champaran Agriculture Contingency Plan §1.12 p.6 (blank for rainfed wheat); supplemental sowing window from PMFBY New Crop Calendar, East Champaran district code 204.",,,,"East Champaran Agriculture Contingency Plan §1.12 p.6 (blank for rainfed wheat); supplemental sowing window from PMFBY New Crop Calendar, East Champaran district code 204.",east_champaran_crop_calendar_verified_with_harvest_updated.csv,supplied_source_reference
East Champaran,Maize,Rabi,Rainfed,2nd week of October,2nd week of November,1st Mar,31st Mar,,"East Champaran Agriculture Contingency Plan §1.12 p.6; PMFBY Crop Calendar, East Champaran (district code 204)",,,,"East Champaran Agriculture Contingency Plan §1.12 p.6; PMFBY Crop Calendar, East Champaran (district code 204)",east_champaran_crop_calendar_verified_with_harvest_updated.csv,supplied_source_reference
East Champaran,Lentil,Rabi,Rainfed,1st Oct,15th Nov,1st Mar,15th Mar,,"East Champaran Agriculture Contingency Plan §1.12 p.6 (no lentil-specific entry); supplemental crop-specific sowing window from PMFBY New Crop Calendar, Lentil, East Champaran district code 204.",,,,"East Champaran Agriculture Contingency Plan §1.12 p.6 (no lentil-specific entry); supplemental crop-specific sowing window from PMFBY New Crop Calendar, Lentil, East Champaran district code 204.",east_champaran_crop_calendar_verified_with_harvest_updated.csv,supplied_source_reference
East Champaran,Rice,Kharif,Irrigated,15th May,31st July,15th Sep,30th Nov,,"East Champaran Agriculture Contingency Plan §1.12 p.6 (blank for irrigated rice); supplemental sowing window from PMFBY New Crop Calendar, East Champaran district code 204.",,,,"East Champaran Agriculture Contingency Plan §1.12 p.6 (blank for irrigated rice); supplemental sowing window from PMFBY New Crop Calendar, East Champaran district code 204.",east_champaran_crop_calendar_verified_with_harvest_updated.csv,supplied_source_reference
East Champaran,Pigeonpea,Kharif,Irrigated,1st June,30th June,1st Mar,30th Mar,,"East Champaran Agriculture Contingency Plan §1.12 p.6 (table says generic 'Pulses', not crop-specific); supplemental crop-specific sowing window from PMFBY New Crop Calendar, Arhar, East Champaran district code 204.",,,,"East Champaran Agriculture Contingency Plan §1.12 p.6 (table says generic 'Pulses', not crop-specific); supplemental crop-specific sowing window from PMFBY New Crop Calendar, Arhar, East Champaran district code 204.",east_champaran_crop_calendar_verified_with_harvest_updated.csv,supplied_source_reference
East Champaran,Wheat,Rabi,Irrigated,2nd week of November,2nd week of December,1st Mar,1st Apr,,"East Champaran Agriculture Contingency Plan §1.12 p.6; PMFBY Crop Calendar, East Champaran (district code 204)",,,,"East Champaran Agriculture Contingency Plan §1.12 p.6; PMFBY Crop Calendar, East Champaran (district code 204)",east_champaran_crop_calendar_verified_with_harvest_updated.csv,supplied_source_reference
East Champaran,Maize,Rabi,Irrigated,1st Oct,1st Nov,1st Mar,31st Mar,,"East Champaran Agriculture Contingency Plan §1.12 p.6 (blank for irrigated rabi maize); supplemental sowing window from PMFBY New Crop Calendar, East Champaran district code 204.",,,,"East Champaran Agriculture Contingency Plan §1.12 p.6 (blank for irrigated rabi maize); supplemental sowing window from PMFBY New Crop Calendar, East Champaran district code 204.",east_champaran_crop_calendar_verified_with_harvest_updated.csv,supplied_source_reference
East Champaran,Lentil,Rabi,Irrigated,1st Oct,15th Nov,1st Mar,15th Mar,,"East Champaran Agriculture Contingency Plan §1.12 p.6 (no lentil-specific entry); supplemental crop-specific sowing window from PMFBY New Crop Calendar, Lentil, East Champaran district code 204.",,,,"East Champaran Agriculture Contingency Plan §1.12 p.6 (no lentil-specific entry); supplemental crop-specific sowing window from PMFBY New Crop Calendar, Lentil, East Champaran district code 204.",east_champaran_crop_calendar_verified_with_harvest_updated.csv,supplied_source_reference
Muzaffarpur,Rice,Kharif,Rainfed,2nd week of June,3rd week of June,1st Nov,30th Dec,,"Muzaffarpur Agriculture Contingency Plan (2013), §1.12, p.7; https://bausabour.ac.in/Contingency-Plan-pdf/Muzaffarpur.pdf Harvest window: PMFBY New Crop Calendar (Government of India), Muzaffarpur district (district code 216), crop-calendar entries: https://pmfby.gov.in/pdf/New_Crop_Calendar_20.09.18.pdf",,,,"Muzaffarpur Agriculture Contingency Plan (2013), §1.12, p.7; https://bausabour.ac.in/Contingency-Plan-pdf/Muzaffarpur.pdf Harvest window: PMFBY New Crop Calendar (Government of India), Muzaffarpur district (district code 216), crop-calendar entries: https://pmfby.gov.in/pdf/New_Crop_Calendar_20.09.18.pdf",muzaffarpur_crop_calendar_verified_with_harvest.csv,supplied_source_reference
Muzaffarpur,Pigeonpea,Kharif,Rainfed,3rd week of June,2nd week of July,15th Mar,15th Apr,150-160,"Muzaffarpur Agriculture Contingency Plan (2013), §1.12, p.7 (sowing); ICAR Kharif Agro-Advisories 2025 lists Bahar and Pusa-9 as medium-duration pigeonpea varieties of about 150-160 days: https://icar.gov.in/sites/default/files/Circulars/ICAR%20En-Kharif%20Agro-Advisories%20for%20Farmers%202025.pdf Harvest window: PMFBY New Crop Calendar (Government of India), Muzaffarpur district (district code 216), crop-calendar entries: https://pmfby.gov.in/pdf/New_Crop_Calendar_20.09.18.pdf",,,,"Muzaffarpur Agriculture Contingency Plan (2013), §1.12, p.7 (sowing); ICAR Kharif Agro-Advisories 2025 lists Bahar and Pusa-9 as medium-duration pigeonpea varieties of about 150-160 days: https://icar.gov.in/sites/default/files/Circulars/ICAR%20En-Kharif%20Agro-Advisories%20for%20Farmers%202025.pdf Harvest window: PMFBY New Crop Calendar (Government of India), Muzaffarpur district (district code 216), crop-calendar entries: https://pmfby.gov.in/pdf/New_Crop_Calendar_20.09.18.pdf",muzaffarpur_crop_calendar_verified_with_harvest.csv,supplied_source_reference
Muzaffarpur,Wheat,Rabi,Rainfed,4th week of October,1st week of November,15th Mar,30th Apr,130-135,"Muzaffarpur Agriculture Contingency Plan (2013), §1.12, p.7 (sowing); BAU Sabour BRW3723, recommended for timely-sown rainfed Bihar, maturity 130-135 days: https://bausabour.ac.in/GetCV_View.aspx?Profile=0ee73578-1b58-48dd-bc01-2bc236f5866f Harvest window: PMFBY New Crop Calendar (Government of India), Muzaffarpur district (district code 216), crop-calendar entries: https://pmfby.gov.in/pdf/New_Crop_Calendar_20.09.18.pdf",,,,"Muzaffarpur Agriculture Contingency Plan (2013), §1.12, p.7 (sowing); BAU Sabour BRW3723, recommended for timely-sown rainfed Bihar, maturity 130-135 days: https://bausabour.ac.in/GetCV_View.aspx?Profile=0ee73578-1b58-48dd-bc01-2bc236f5866f Harvest window: PMFBY New Crop Calendar (Government of India), Muzaffarpur district (district code 216), crop-calendar entries: https://pmfby.gov.in/pdf/New_Crop_Calendar_20.09.18.pdf",muzaffarpur_crop_calendar_verified_with_harvest.csv,supplied_source_reference
Muzaffarpur,Maize,Rabi,Rainfed,2nd week of October,1st week of November,15th Feb,15th Mar,,"Muzaffarpur Agriculture Contingency Plan (2013), §1.12, p.7; no reliable crop/variety-specific maturity value found that can be safely assigned to this generic row. Harvest window: PMFBY New Crop Calendar (Government of India), Muzaffarpur district (district code 216), crop-calendar entries: https://pmfby.gov.in/pdf/New_Crop_Calendar_20.09.18.pdf",,,,"Muzaffarpur Agriculture Contingency Plan (2013), §1.12, p.7; no reliable crop/variety-specific maturity value found that can be safely assigned to this generic row. Harvest window: PMFBY New Crop Calendar (Government of India), Muzaffarpur district (district code 216), crop-calendar entries: https://pmfby.gov.in/pdf/New_Crop_Calendar_20.09.18.pdf",muzaffarpur_crop_calendar_verified_with_harvest.csv,supplied_source_reference
Muzaffarpur,Lentil,Rabi,Rainfed,2nd week of October,1st week of November,15th Mar,15th Apr,111-120,"Muzaffarpur Agriculture Contingency Plan (2013), §1.12, p.7 (sowing); BAU Sabour Annual Report 2024-25, Sabour Masoor-1 (BRL-1), rainfed/timely-sown, maturity 111-120 days: https://bausabour.ac.in/album/File131_07_202502_57_05PIMG1.pdf Harvest window: PMFBY New Crop Calendar (Government of India), Muzaffarpur district (district code 216), crop-calendar entries: https://pmfby.gov.in/pdf/New_Crop_Calendar_20.09.18.pdf",,,,"Muzaffarpur Agriculture Contingency Plan (2013), §1.12, p.7 (sowing); BAU Sabour Annual Report 2024-25, Sabour Masoor-1 (BRL-1), rainfed/timely-sown, maturity 111-120 days: https://bausabour.ac.in/album/File131_07_202502_57_05PIMG1.pdf Harvest window: PMFBY New Crop Calendar (Government of India), Muzaffarpur district (district code 216), crop-calendar entries: https://pmfby.gov.in/pdf/New_Crop_Calendar_20.09.18.pdf",muzaffarpur_crop_calendar_verified_with_harvest.csv,supplied_source_reference
Muzaffarpur,Rice,Kharif,Irrigated,2nd week of June,3rd week of June,1st Nov,30th Dec,,"Muzaffarpur Agriculture Contingency Plan (2013), §1.12, p.7; no single normal-duration variety is specified for this row. Harvest window: PMFBY New Crop Calendar (Government of India), Muzaffarpur district (district code 216), crop-calendar entries: https://pmfby.gov.in/pdf/New_Crop_Calendar_20.09.18.pdf",,,,"Muzaffarpur Agriculture Contingency Plan (2013), §1.12, p.7; no single normal-duration variety is specified for this row. Harvest window: PMFBY New Crop Calendar (Government of India), Muzaffarpur district (district code 216), crop-calendar entries: https://pmfby.gov.in/pdf/New_Crop_Calendar_20.09.18.pdf",muzaffarpur_crop_calendar_verified_with_harvest.csv,supplied_source_reference
Muzaffarpur,Pigeonpea,Kharif,Irrigated,,,15th Mar,15th Apr,,"Muzaffarpur Agriculture Contingency Plan (2013), §1.12, p.7: sowing window is '-'; no value invented. Harvest window: PMFBY New Crop Calendar (Government of India), Muzaffarpur district (district code 216), crop-calendar entries: https://pmfby.gov.in/pdf/New_Crop_Calendar_20.09.18.pdf",,,,"Muzaffarpur Agriculture Contingency Plan (2013), §1.12, p.7: sowing window is '-'; no value invented. Harvest window: PMFBY New Crop Calendar (Government of India), Muzaffarpur district (district code 216), crop-calendar entries: https://pmfby.gov.in/pdf/New_Crop_Calendar_20.09.18.pdf",muzaffarpur_crop_calendar_verified_with_harvest.csv,supplied_source_reference
Muzaffarpur,Wheat,Rabi,Irrigated,2nd week of November,2nd week of December,15th Mar,30th Apr,120-125,"Muzaffarpur Agriculture Contingency Plan (2013), §1.12, p.7 (sowing); BAU Sabour BRW3708, recommended for timely-sown irrigated Bihar, maturity 120-125 days: https://bausabour.ac.in/GetCV_View.aspx?Profile=0ee73578-1b58-48dd-bc01-2bc236f5866f Harvest window: PMFBY New Crop Calendar (Government of India), Muzaffarpur district (district code 216), crop-calendar entries: https://pmfby.gov.in/pdf/New_Crop_Calendar_20.09.18.pdf",,,,"Muzaffarpur Agriculture Contingency Plan (2013), §1.12, p.7 (sowing); BAU Sabour BRW3708, recommended for timely-sown irrigated Bihar, maturity 120-125 days: https://bausabour.ac.in/GetCV_View.aspx?Profile=0ee73578-1b58-48dd-bc01-2bc236f5866f Harvest window: PMFBY New Crop Calendar (Government of India), Muzaffarpur district (district code 216), crop-calendar entries: https://pmfby.gov.in/pdf/New_Crop_Calendar_20.09.18.pdf",muzaffarpur_crop_calendar_verified_with_harvest.csv,supplied_source_reference
Muzaffarpur,Maize,Rabi,Irrigated,2nd week of October,3rd week of November,15th Feb,15th Mar,,"Muzaffarpur Agriculture Contingency Plan (2013), §1.12, p.7; no reliable crop/variety-specific maturity value found that can be safely assigned to this generic row. Harvest window: PMFBY New Crop Calendar (Government of India), Muzaffarpur district (district code 216), crop-calendar entries: https://pmfby.gov.in/pdf/New_Crop_Calendar_20.09.18.pdf",,,,"Muzaffarpur Agriculture Contingency Plan (2013), §1.12, p.7; no reliable crop/variety-specific maturity value found that can be safely assigned to this generic row. Harvest window: PMFBY New Crop Calendar (Government of India), Muzaffarpur district (district code 216), crop-calendar entries: https://pmfby.gov.in/pdf/New_Crop_Calendar_20.09.18.pdf",muzaffarpur_crop_calendar_verified_with_harvest.csv,supplied_source_reference
Muzaffarpur,Lentil,Rabi,Irrigated,2nd week of October,2nd week of November,15th Mar,15th Apr,,"Muzaffarpur Agriculture Contingency Plan (2013), §1.12, p.7; available authoritative duration sources found were variety/ecology-specific and did not establish a generic irrigated Muzaffarpur value. Harvest window: PMFBY New Crop Calendar (Government of India), Muzaffarpur district (district code 216), crop-calendar entries: https://pmfby.gov.in/pdf/New_Crop_Calendar_20.09.18.pdf",,,,"Muzaffarpur Agriculture Contingency Plan (2013), §1.12, p.7; available authoritative duration sources found were variety/ecology-specific and did not establish a generic irrigated Muzaffarpur value. Harvest window: PMFBY New Crop Calendar (Government of India), Muzaffarpur district (district code 216), crop-calendar entries: https://pmfby.gov.in/pdf/New_Crop_Calendar_20.09.18.pdf",muzaffarpur_crop_calendar_verified_with_harvest.csv,supplied_source_reference
Patna,Rice,Kharif,Rainfed,1st June,15th Aug,15th Oct,30th Nov,,"Patna Agriculture Contingency Plan §1.12 p.6 (blank for rainfed rice); supplemental sowing window from PMFBY New Crop Calendar, Patna district code 230.",,,,"Patna Agriculture Contingency Plan §1.12 p.6 (blank for rainfed rice); supplemental sowing window from PMFBY New Crop Calendar, Patna district code 230.",patna_crop_calendar_verified_with_harvest_updated.csv,supplied_source_reference
Patna,Pigeonpea,Kharif,Rainfed,1st week of May,4th week of July,1st Apr,31st Apr,150-160,"Patna Agriculture Contingency Plan §1.12 pp.6-7; ICAR Kharif Agro-Advisories (medium pigeonpea 150-160 days); PMFBY Crop Calendar, Patna (Arhar, district code 230)",,,,"Patna Agriculture Contingency Plan §1.12 pp.6-7; ICAR Kharif Agro-Advisories (medium pigeonpea 150-160 days); PMFBY Crop Calendar, Patna (Arhar, district code 230)",patna_crop_calendar_verified_with_harvest_updated.csv,supplied_source_reference
Patna,Wheat,Rabi,Rainfed,15th Nov.,15th Dec.,15th Mar,15th Apr,130-135,"Patna Agriculture Contingency Plan §1.12 p.7 (blank for rainfed wheat); supplemental sowing window from PMFBY New Crop Calendar, Patna district code 230.",,,,"Patna Agriculture Contingency Plan §1.12 p.7 (blank for rainfed wheat); supplemental sowing window from PMFBY New Crop Calendar, Patna district code 230.",patna_crop_calendar_verified_with_harvest_updated.csv,supplied_source_reference
Patna,Maize,Rabi,Rainfed,15th Oct.,15th Nov.,1st Apr,30th Apr,,"Patna Agriculture Contingency Plan §1.12 p.7 (blank for rainfed rabi maize); supplemental sowing window from PMFBY New Crop Calendar, Patna district code 230.",,,,"Patna Agriculture Contingency Plan §1.12 p.7 (blank for rainfed rabi maize); supplemental sowing window from PMFBY New Crop Calendar, Patna district code 230.",patna_crop_calendar_verified_with_harvest_updated.csv,supplied_source_reference
Patna,Lentil,Rabi,Rainfed,1st week of October,1st week of November,15th Mar,31st Mar,111-120,"Patna Agriculture Contingency Plan §1.12 p.7; BAU Sabour Sabour Masoor-1 (111-120 days); PMFBY Crop Calendar, Patna (district code 230)",,,,"Patna Agriculture Contingency Plan §1.12 p.7; BAU Sabour Sabour Masoor-1 (111-120 days); PMFBY Crop Calendar, Patna (district code 230)",patna_crop_calendar_verified_with_harvest_updated.csv,supplied_source_reference
Patna,Rice,Kharif,Irrigated,4th week of May,1st week of July,15th Oct,30th Nov,,"Patna Agriculture Contingency Plan §1.12 p.6; PMFBY Crop Calendar, Patna (district code 230)",,,,"Patna Agriculture Contingency Plan §1.12 p.6; PMFBY Crop Calendar, Patna (district code 230)",patna_crop_calendar_verified_with_harvest_updated.csv,supplied_source_reference
Patna,Pigeonpea,Kharif,Irrigated,1st week of June,2nd week of July,1st Apr,31st Apr,150-160,"Patna Agriculture Contingency Plan §1.12 p.6; ICAR Kharif Agro-Advisories (medium pigeonpea 150-160 days); PMFBY Crop Calendar, Patna (Arhar, district code 230)",,,,"Patna Agriculture Contingency Plan §1.12 p.6; ICAR Kharif Agro-Advisories (medium pigeonpea 150-160 days); PMFBY Crop Calendar, Patna (Arhar, district code 230)",patna_crop_calendar_verified_with_harvest_updated.csv,supplied_source_reference
Patna,Wheat,Rabi,Irrigated,1st week of November,1st week of December,15th Mar,15th Apr,120-125,"Patna Agriculture Contingency Plan §1.12 p.7; BAU Sabour BRW3708 (120-125 days); PMFBY Crop Calendar, Patna (district code 230)",,,,"Patna Agriculture Contingency Plan §1.12 p.7; BAU Sabour BRW3708 (120-125 days); PMFBY Crop Calendar, Patna (district code 230)",patna_crop_calendar_verified_with_harvest_updated.csv,supplied_source_reference
Patna,Maize,Rabi,Irrigated,1st week of October,1st week of November,1st Apr,30th Apr,,"Patna Agriculture Contingency Plan §1.12 p.7; PMFBY Crop Calendar, Patna (district code 230)",,,,"Patna Agriculture Contingency Plan §1.12 p.7; PMFBY Crop Calendar, Patna (district code 230)",patna_crop_calendar_verified_with_harvest_updated.csv,supplied_source_reference
Patna,Lentil,Rabi,Irrigated,15th Oct.,30th Nov.,15th Mar,31st Mar,,"Patna Agriculture Contingency Plan §1.12 p.7 (blank for irrigated lentil); supplemental sowing window from PMFBY New Crop Calendar, Patna district code 230.",,,,"Patna Agriculture Contingency Plan §1.12 p.7 (blank for irrigated lentil); supplemental sowing window from PMFBY New Crop Calendar, Patna district code 230.",patna_crop_calendar_verified_with_harvest_updated.csv,supplied_source_reference
